"Abbeville, LA",00037,19824,29.973330000000033,-92.13574999999997
"Aberdeen, SD",00145,25977,45.45909000000006,-98.48690999999997
"Aberdeen, WA",00172,29856,46.97586000000007,-123.81597999999997
"Aberdeen, MD",00199,213751,39.51104000000004,-76.16267999999997
"Abilene, TX",00280,110421,32.44917000000004,-99.74141999999995
"Ada, OK",00415,17400,34.77506000000005,-96.67865999999998
"Adjuntas, PR",00550,11122,18.17979239400006,-66.75396612399999
"Adrian, MI",00577,44823,41.89731000000006,-84.03638999999998
"Agat, GU",00604,10093,13.360430000000065,144.67379000000005
"Aguadilla, PR",00631,306196,18.45966487100003,-67.12076235699993
"Akron, OH",00766,569499,41.08431000000007,-81.51430999999997
"Alamogordo, NM",00820,31862,32.89925000000005,-105.96031999999997
"Albany, GA",00901,95779,31.58140000000003,-84.15601999999996
"Albany, OR",00955,56997,44.63548000000003,-123.10775999999998
"Albany, NY",00970,594962,42.65155000000004,-73.75520999999998
"Albemarle, NC",00982,16823,35.35023000000007,-80.19565999999998
"Albert Lea, MN",01009,17868,43.64733000000007,-93.36870999999996
"Albertville, AL",01036,36815,34.269510000000025,-86.20793999999995
"Albuquerque, NM",01171,741318,35.08423000000005,-106.64904999999999
"Alexandria, LA",01279,82804,31.31266000000005,-92.44567999999998
"Alexandria, MN",01306,16983,45.88939000000005,-95.36633999999998
"Alice, TX",01414,20974,27.750780000000077,-98.06503999999995
"Allentown, PA",01495,664651,40.60263000000003,-75.47026999999997
"Alliance, OH",01549,32533,40.921550000000025,-81.10583999999994
"Alma, MI",01630,16924,43.37897000000004,-84.65702999999996
"Alpena, MI",01684,14258,45.06156000000004,-83.44514999999996
"Alton, IL",01765,83890,38.89086000000003,-90.18394999999998
"Altoona, PA",01792,79930,40.50719000000004,-78.39889999999997
"Altus, OK",01846,19900,34.637830000000065,-99.33373999999998
"Amarillo, TX",01927,196651,35.207250000000045,-101.83388999999994
"Americus, GA",02008,19106,32.07310000000007,-84.23254999999995
"Ames, IA",02062,60438,42.02534000000003,-93.62019999999995
"Amsterdam, NY",02170,22262,42.938960000000066,-74.18892999999997
"Anacortes, WA",02224,16712,48.517480000000035,-122.61213999999995
"Anchorage, AK",02305,251243,61.21753000000007,-149.85824999999997
"Anchorage Northeast, AK",02332,28568,61.21231000000006,-149.75046999999998
"Anderson, IN",02386,88133,40.10217000000006,-85.67827999999997
"Anderson, SC",02413,75702,34.50061000000005,-82.64961999999997
"Andrews, TX",02467,12346,32.31898000000007,-102.54666999999995
"Angola, IN",02548,11196,41.634870000000035,-84.99859999999995
"Anna, TX",02581,10746,33.349770000000035,-96.55118999999996
"Ann Arbor, MI",02602,306022,42.28210000000007,-83.74846999999994
"Anniston, AL",02629,79796,33.65712000000008,-85.81890999999996
"Antioch, CA",02683,277634,38.01583000000005,-121.81973999999997
"Appleton, WI",02764,216154,44.261780000000044,-88.41713999999996
"Arcadia, FL",02912,17490,27.217430000000036,-81.86262999999997
"Arcata-McKinleyville, CA",02926,32364,40.942660000000046,-124.10097999999999
"Archer Lodge, NC",02965,13288,35.693880000000036,-78.37510999999995
"Ardmore, OK",03007,20888,34.17268000000007,-97.12876999999997
"Arecibo, PR",03034,139171,18.472420000000056,-66.71969999999993
"Arizona City, AZ",03088,10531,32.75088000000005,-111.67111999999997
"Arkadelphia, AR",03115,10491,34.12098000000003,-93.05412999999999
"Arkansas City, KS",03142,13026,37.05588000000006,-97.03892999999994
"Arlington, TN",03158,11502,35.29170000000005,-89.67458999999997
"Arroyo Grande, CA",03196,52000,35.12435000000005,-120.57683999999995
"Artesia, NM",03223,12764,32.84326000000004,-104.39759999999995
"Arvin, CA",03250,19573,35.209020000000066,-118.82889999999998
"Asheboro, NC",03331,37792,35.70911000000007,-79.81333999999998
"Asheville, NC",03358,280648,35.59868000000006,-82.55339999999995
"Ashland, OH",03385,20226,40.86865000000006,-82.31549999999999
"Ashtabula, OH",03466,29346,41.889260000000036,-80.78672999999998
"Astoria, OR",03547,14115,46.18977000000007,-123.83394999999996
"Atchison, KS",03601,11166,39.56086000000005,-95.12841999999995
"Athens, AL",03655,24956,34.804500000000075,-86.97127999999998
"Athens, OH",03682,28286,39.328500000000076,-82.10443999999995
"Athens, TN",03709,15985,35.44094000000007,-84.59229999999997
"Athens, TX",03736,12169,32.20431000000008,-95.85549999999995
"Athens-Clarke County, GA",03763,128754,33.95816000000008,-83.37311999999997
"Athol, MA",03790,12834,42.59377000000006,-72.23371999999995
"Atlanta, GA",03817,4515419,33.74831000000006,-84.39110999999997
"Atlantic City, NJ",03898,248402,39.36287000000004,-74.42636999999996
"Atoka, TN",03957,18885,35.44156000000004,-89.77857999999998
"Auburn, AL",04033,74741,32.60829000000007,-85.48172999999997
"Auburn, IN",04060,21712,41.366930000000025,-85.05395999999996
"Auburn, NY",04114,32274,42.92936000000003,-76.56590999999997
"Auburn, CA",04130,33157,38.89620000000008,-121.07887
"Augusta, ME",04195,22637,44.31803000000008,-69.77620999999994
"Augusta-Richmond County, GA",04222,386787,33.47929000000005,-81.97521999999998
"Austin, MN",04357,25103,43.66659000000004,-92.97297999999995
"Austin, TX",04384,1362416,30.26759000000004,-97.74298999999996
"Avenal, CA",04465,15486,36.003900000000044,-120.12982999999997
"Avondale, AZ",04549,197041,33.440890000000024,-112.34965999999997
"Bainbridge, GA",04627,12118,30.90617000000003,-84.57563999999996
"Bakersfield, CA",04681,523994,35.36730000000006,-119.01885999999996
"Baltimore, MD",04843,2203663,39.290580000000034,-76.60925999999995
"Bangor, ME",04951,61210,44.80171000000007,-68.77076999999997
"Baraboo, WI",05005,13759,43.46873000000005,-89.74428999999998
"Bardstown, KY",05059,18702,37.80914000000007,-85.45857999999998
"Barnstable Town, MA",05167,246695,41.652840000000026,-70.28339999999997
"Barre, VT",05221,21675,44.19689000000005,-72.50146999999998
"Barstow, CA",05302,28973,34.893080000000054,-117.02545999999995
"Bartlesville, OK",05329,38874,36.74675000000008,-95.97901999999999
"Bastrop, LA",05437,13979,32.77825000000007,-91.91502999999994
"Bastrop, TX",05464,13371,30.11054000000007,-97.31893999999994
"Batavia, NY",05491,17834,42.99836000000005,-78.18823999999995
"Batesville, AR",05545,11513,35.769760000000076,-91.64999999999998
"Baton Rouge, LA",05680,594309,30.443350000000066,-91.18663999999995
"Battle Creek, MI",05707,78393,42.31648000000007,-85.18000999999998
"Bay City, MI",05869,70585,43.59527000000003,-83.88490999999993
"Bay City, TX",05896,18745,28.98296000000005,-95.96940999999998
"Beatrice, NE",06004,12405,40.26586000000003,-96.74747999999994
"Beaufort, SC",06031,48807,32.43119000000007,-80.66992999999997
"Beaumont, TX",06058,147922,30.086150000000032,-94.10134999999997
"Beaver Dam, WI",06112,17833,43.45633000000004,-88.83017999999998
"Beckley, WV",06139,64022,37.77792000000005,-81.18785999999994
"Bedford, IN",06166,14977,38.86102000000005,-86.48886999999996
"Beeville, TX",06274,18168,28.402040000000056,-97.74935999999997
"Belgrade, MT",06382,13797,45.776770000000056,-111.17824999999999
"Bellefontaine, OH",06436,13235,40.362430000000074,-83.75956999999994
"Bellefonte, PA",06463,12888,40.91166000000004,-77.77770999999996
"Belle Glade, FL",06517,24870,26.685640000000035,-80.66786999999994
"Bellingham, WA",06652,114473,48.752350000000035,-122.47121999999996
"Beloit, WI",06760,63835,42.50701000000004,-89.03792999999996
"Bemidji, MN",06841,14626,47.47314000000006,-94.87964999999997
"Bend, OR",06868,83794,44.05782000000005,-121.31536999999997
"Bennettsville, SC",06895,13006,34.61479000000003,-79.68326999999994
"Bennington, VT",06922,12723,42.876720000000034,-73.19817999999998
"Benton Harbor, MI",07138,61022,42.115530000000035,-86.45747999999998
"Berea, KY",07165,15590,37.57030000000003,-84.29270999999994
"Berlin, NH",07192,11159,44.47288000000003,-71.17625999999996
"Big Bear City, CA",07508,15873,34.26115000000004,-116.84561999999994
"Big Rapids, MI",07624,14241,43.69832000000008,-85.48082999999997
"Big Spring, TX",07651,27987,32.25031000000007,-101.47908999999999
"Billings, MT",07705,114773,45.784260000000074,-108.50606999999997
"Binghamton, NY",07732,158084,42.09871000000004,-75.91118999999998
"Birch Bay, WA",07759,12737,48.933250000000044,-122.72627999999997
"Birmingham, AL",07786,749495,33.52072000000004,-86.81178999999997
"Bismarck, ND",07921,81955,46.805360000000064,-100.77968999999996
"Blackfoot, ID",07948,15352,43.18901000000005,-112.34553999999997
"Blacksburg, VA",08002,88542,37.226530000000025,-80.41089999999997
"Bloomington, IN",08380,108657,39.166600000000074,-86.53479999999996
"Bloomington, IL",08407,132600,40.485460000000046,-88.99772999999999
"Bloomsburg, PA",08434,53618,41.004590000000064,-76.45332999999994
"Bluefield, WV",08515,44092,37.26798000000008,-81.22261999999995
"Blythe, CA",08623,12967,33.61040000000003,-114.59850999999998
"Blytheville, AR",08650,18219,35.92852000000005,-89.90428999999995
"Boerne, TX",08704,10467,29.78956000000005,-98.72932999999995
"Bogalusa, LA",08731,12213,30.790620000000047,-89.86429999999996
"Boise City, ID",08785,349684,43.60764000000006,-116.19339999999994
"Bonita Springs, FL",08974,310298,26.330630000000042,-81.79877999999997
"Boone, IA",09028,12793,42.05932000000007,-93.90237999999994
"Boone, NC",09055,22763,36.220480000000066,-81.68718999999999
"Borger, TX",09217,13574,35.667950000000076,-101.39042999999998
"Boston, MA",09271,4181019,42.35866000000004,-71.05673999999993
"Boulder, CO",09298,114591,40.01574000000005,-105.27923999999996
"Boulder City, NV",09325,13866,35.97861000000006,-114.83403999999996
"Bowling Green, KY",09379,78306,36.994620000000054,-86.44557999999995
"Bowling Green, OH",09433,30738,41.375710000000026,-83.65045999999995
"Bozeman, MT",09514,43164,45.67934000000008,-111.03221999999994
"Bradford, PA",09541,12083,41.95586000000003,-78.65047999999996
"Braidwood, IL",09600,22685,41.26452000000006,-88.21773999999994
"Brainerd, MN",09622,19812,46.35349000000008,-94.20068999999995
"Branson, MO",09676,22645,36.64156000000003,-93.21788999999995
"Brawley, CA",09730,25032,32.97863000000007,-115.53403999999995
"Breaux Bridge, LA",09801,18465,30.273300000000063,-91.89961999999997
"Bremerton, WA",09946,198979,47.565000000000055,-122.62748999999997
"Brenham, TX",09973,15682,30.16623000000004,-96.40004999999996
"Brevard, NC",10027,13121,35.23427000000004,-82.73390999999998
"Bridgeport, CT",10162,923311,41.18213000000003,-73.19063999999997
"Bridgeton, NJ",10189,35022,39.42947000000004,-75.23405999999994
"Bristol, TN",10351,69501,36.59218000000004,-82.22128999999995
"Brockport, NY",10418,20255,43.21440000000007,-77.93844999999999
"Brookhaven, MS",10594,10635,31.57947000000007,-90.44195999999994
"Brookings, OR",10621,10915,42.05489000000006,-124.28956999999997
"Brookings, SD",10648,22482,44.311240000000055,-96.79860999999994
"Browns Mills, NJ",10891,37985,39.96986000000004,-74.58154999999994
"Brownsville, TX",10972,217585,25.902090000000044,-97.49923999999999
"Brownwood, TX",10999,22711,31.725270000000023,-98.98070999999999
"Brunswick, GA",11026,51024,31.149740000000065,-81.49555999999995
"Brunswick, ME",11040,29159,43.91404000000006,-69.96735999999999
"Buckeye, AZ",11134,19424,33.370490000000075,-112.58972999999997
"Bucyrus, OH",11215,12401,40.80865000000006,-82.97641999999996
"Buffalo, MN",11296,15972,45.17285000000004,-93.87622999999996
"Buffalo, NY",11350,935906,42.885440000000074,-78.87845999999996
"Bullhead City, AZ",11431,48656,35.12679000000003,-114.57717999999994
"Burkburnett, TX",11593,10002,34.077860000000044,-98.55595999999997
"Burley, ID",11620,15977,42.53530000000006,-113.79328999999996
"Burlington, IA",11674,29569,40.812050000000056,-91.10072999999994
"Burlington, NC",11728,119911,36.09686000000005,-79.43790999999999
"Burlington, VT",11755,108740,44.47593000000006,-73.21276999999998
"Burlington, WI",11782,23534,42.680000000000064,-88.27695999999997
"Butler, PA",11998,40352,40.86035000000004,-79.89526999999998
"Butner, NC",12025,16975,36.130480000000034,-78.75490999999994
"Butte-Silver Bow, MT",12052,30287,46.00175000000007,-112.52088999999995
"Cadillac, MI",12160,11690,44.250830000000065,-85.40264999999994
"Calhoun, GA",12457,31493,34.50524000000007,-84.95087999999998
"California City, CA",12565,10908,35.12894000000006,-117.98562999999996
"Camarillo, CA",12754,71772,34.22340000000003,-119.05071999999996
"Cambridge, MD",12808,14255,38.563120000000026,-76.07805999999994
"Cambridge, MN",12835,14270,45.57265000000007,-93.22444999999999
"Cambridge, OH",12862,15232,40.02478000000008,-81.59010999999998
"Camden, AR",12916,11401,33.58698000000004,-92.82956999999999
"Camden, SC",12970,13546,34.25004000000007,-80.60744999999997
"Campbellsville, KY",13159,11719,37.34281000000004,-85.34304999999995
"Canby, OR",13221,17119,45.26298000000003,-122.69426999999996
"Cañon City, CO",13267,27139,38.440980000000025,-105.24244999999996
"Canton, IL",13294,14818,40.55832000000004,-90.02857999999998
"Canton, MS",13321,15321,32.61258000000004,-90.03471999999994
"Canton, OH",13375,279245,40.79788000000008,-81.37193999999994
"Canyon, TX",13456,13440,34.985600000000034,-101.93626999999998
"Cape Coral, FL",13510,530290,26.629820000000052,-81.95693999999997
"Cape Girardeau, MO",13537,52900,37.30271000000005,-89.54452999999995
"Carbondale, IL",13591,67821,37.72730000000007,-89.21579999999994
"Carlsbad, NM",13807,29839,32.41896000000003,-104.22900999999996
"Carrollton, GA",14023,42872,33.58150000000006,-85.07839999999999
"Carson City, NV",14158,58079,39.16506000000004,-119.76696999999996
"Cartersville, GA",14185,52477,34.16522000000003,-84.79541999999998
"Carthage, MO",14266,15496,37.17675000000003,-94.31399999999996
"Casa Grande, AZ",14401,51331,32.87955000000005,-111.75083999999998
"Casper, WY",14482,64548,42.85008000000005,-106.32779
"Cedar City, UT",14698,33200,37.67795000000007,-113.06175999999999
"Cedar Rapids, IA",14752,177844,41.97646000000003,-91.67345999999998
"Cedartown, GA",14806,12502,34.01455000000004,-85.25661999999994
"Celina, OH",14860,11259,40.55338000000006,-84.57077999999996
"Centralia, IL",15022,17296,38.52828000000005,-89.13057999999995
"Centralia, WA",15076,39517,46.72894000000008,-122.95297999999997
"Chambersburg, PA",15184,50887,39.93743000000006,-77.66074999999995
"Champaign, IL",15211,145361,40.11420000000004,-88.24349999999998
"Chaparral, NM",15292,12328,32.038140000000055,-106.41022999999996
"Charleston, IL",15400,21810,39.49597000000006,-88.17630999999994
"Charleston, WV",15481,153199,38.35016000000007,-81.63894999999997
"Charleston, SC",15508,548404,32.781150000000025,-79.93159999999995
"Charles Town, WV",15600,21019,39.28944000000007,-77.85879999999997
"Charlotte, MI",15643,12682,42.56398000000007,-84.83488999999997
"Charlotte, NC",15670,1249442,35.222860000000026,-80.83795999999995
"Charlotte Amalie, VI",15697,50916,18.340550000000064,-64.93214999999998
"Charlottesville, VA",15724,92359,38.03213000000005,-78.47755999999998
"Chattanooga, TN",15832,381112,35.04672000000005,-85.30946999999998
"Cheney, WA",15967,10569,47.489010000000064,-117.57476999999994
"Chesapeake Beach, MD",16102,23700,38.69549000000006,-76.53374999999994
"Cheyenne, WY",16237,73588,41.13481000000007,-104.82153999999997
"Chicago, IL",16264,8608208,41.884250000000065,-87.63244999999995
"Chickasha, OK",16291,15739,35.05238000000003,-97.93614999999994
"Chico, CA",16318,98176,39.73200000000003,-121.84197999999998
"Chillicothe, OH",16453,32263,39.33537000000007,-82.96775999999994
"Chino Valley, AZ",16561,10783,34.75738000000007,-112.45385999999996
"Chowchilla, CA",16696,11843,37.12319000000008,-120.25961999999998
"Christiansted, VI",16750,46601,17.74672000000004,-64.70417999999995
"Cincinnati, OH",16885,1624827,39.162000000000035,-84.45688999999999
"Circleville, OH",16912,14965,39.600990000000024,-82.94217999999995
"Claremore, OK",17128,25164,36.31123000000008,-95.61542999999995
"Clarksburg, WV",17236,43988,39.27944000000008,-80.34016999999994
"Clarksdale, MS",17263,17783,34.194570000000056,-90.56491999999997
"Clarksville, TN",17317,158655,36.531210000000044,-87.35991999999999
"Clearfield, PA",17452,10903,41.022920000000056,-78.43808999999999
"Clearlake, CA",17479,15944,38.95072000000005,-122.62236999999999
"Cleburne, TX",17533,35122,32.35089000000005,-97.38773999999995
"Cleveland, MS",17641,15722,33.74745000000007,-90.71701999999999
"Cleveland, OH",17668,1780673,41.50473000000005,-81.69073999999995
"Cleveland, TN",17722,66777,35.160180000000025,-84.87531999999999
"Clewiston, FL",17776,12833,26.754200000000026,-80.93531999999999
"Clinton, IA",17938,32332,41.83898000000005,-90.19195999999994
"Clinton, SC",18046,11176,34.471850000000074,-81.88073999999995
"Cloquet, MN",18127,12936,46.71430000000004,-92.48042999999996
"Clovis, NM",18208,41570,34.405230000000074,-103.20533999999998
"Coalinga, CA",18289,12702,36.137470000000064,-120.36245999999994
"Coamo, PR",18316,38047,18.09719858400007,-66.36017572399999
"Coco, PR",18383,22102,18.007190000000037,-66.25932999999998
"Coeur d'Alene, ID",18451,98378,47.67168000000004,-116.77584999999999
"Coffeyville, KS",18478,10909,37.03296000000006,-95.61656999999997
"Colchester, CT",18559,10098,41.57490000000007,-72.32693999999998
"Coldwater, MI",18667,16876,41.940600000000074,-85.00043999999997
"College Station, TX",18748,171345,30.620540000000062,-96.32589999999999
"Colorado Springs, CO",18856,559409,38.83352000000008,-104.82180999999997
"Columbia, MO",18937,124748,38.95252000000005,-92.33414999999997
"Columbia, SC",18964,549777,33.99882000000002,-81.04536999999993
"Columbia, TN",18991,34965,35.61615000000006,-87.03537999999998
"Columbus, GA",19099,253602,32.46288000000004,-84.98756999999995
"Columbus, IN",19126,54933,39.20150000000007,-85.91867999999994
"Columbus, MS",19180,31174,33.495070000000055,-88.42854999999997
"Columbus, NE",19207,22106,41.43114000000003,-97.37219999999996
"Columbus, OH",19234,1368035,39.96199000000007,-83.00274999999993
"Concord, CA",19504,615968,37.98165000000006,-122.02582999999998
"Concord, NH",19531,42611,43.207250000000045,-71.53659999999996
"Concord, NC",19558,214881,35.410430000000076,-80.58119999999997
"Conneaut, OH",19612,14109,41.94390000000004,-80.55920999999995
"Connersville, IN",19693,15347,39.641260000000045,-85.13773999999995
"Conroe, TX",19755,239938,30.312170000000037,-95.45593999999994
"Conway, AR",19801,65277,35.09098000000006,-92.43968999999998
"Cookeville, TN",19828,44207,36.16193000000004,-85.49979999999994
"Coolidge, AZ",19882,10919,32.97763000000003,-111.51624999999996
"Coos Bay, OR",19936,31386,43.36797000000007,-124.21965999999998
"Corcoran, CA",20044,25516,36.09805000000006,-119.55904999999996
"Cordele, GA",20071,12416,31.971560000000068,-83.78271999999998
"Corinth, MS",20098,12469,34.92913000000004,-88.53094999999996
"Cornelia, GA",20152,18578,34.51227000000006,-83.52765999999997
"Corning, NY",20233,20477,42.143260000000055,-77.05455999999998
"Corpus Christi, TX",20287,320069,27.796410000000037,-97.40373999999997
"Corsicana, TX",20341,22599,32.09173000000004,-96.46301999999997
"Cortland, NY",20395,27493,42.60348000000005,-76.17483999999996
"Corvallis, OR",20422,62433,44.565030000000036,-123.26350999999994
"Coshocton, OH",20476,11517,40.272290000000055,-81.86664999999994
"Cottage Grove, OR",20503,11007,43.79734000000008,-123.06451999999996
"Cottonwood, AZ",20595,26650,34.74020000000007,-112.00972999999999
"Craig, CO",20827,10021,40.514230000000055,-107.54786999999999
"Crawfordsville, IN",20881,18012,40.04228000000006,-86.90137999999996
"Crescent City, CA",20908,18976,41.75281000000007,-124.20045999999996
"Cresson, PA",20980,11106,40.46002000000004,-78.59154999999998
"Crestview, FL",21043,32432,30.76183000000003,-86.57101999999998
"Crossville, TN",21394,16337,35.94836000000004,-85.02649999999994
"Crowley, LA",21421,14908,30.21079000000003,-92.37167999999997
"Cullman, AL",21637,18356,34.17437000000007,-86.84344999999996
"Cullowhee, NC",21664,10837,35.30771000000004,-83.18781999999999
"Culpeper, VA",21691,17778,38.47333000000003,-77.99613999999997
"Cumberland, MD",21745,51899,39.651770000000056,-78.76332999999994
"Dallas, OR",22015,15340,44.920990000000074,-123.31530999999995
"Dallas, TX",22042,5121892,32.77822000000003,-96.79511999999994
"Dalton, GA",22069,85239,34.761450000000025,-84.97217999999998
"Danbury, CT",22096,168136,41.39268000000004,-73.45358999999996
"Danville, IL",22204,50996,40.159800000000075,-87.63043999999996
"Danville, KY",22231,18887,37.64599000000004,-84.77514999999994
"Danville, VA",22253,49344,36.58598000000006,-79.41719999999998
"Daphne, AL",22285,57383,30.60391000000004,-87.90091999999999
"Davenport, IA",22366,280051,41.53826000000004,-90.57601999999997
"Davis, CA",22420,72794,38.54669000000007,-121.74456999999995
"Dayton, NV",22501,11127,39.23783000000003,-119.58916999999997
"Dayton, OH",22528,724091,39.75920000000008,-84.19380999999998
"Dayton, TN",22555,10174,35.494800000000055,-85.01234999999997
"Dayton, TX",22582,12075,30.045090000000073,-94.88809999999995
"Decatur, AL",22690,70436,34.60740000000004,-86.97978999999998
"Decatur, IL",22717,93863,39.84585000000004,-88.95208999999994
"Decatur, IN",22744,10440,40.83134000000007,-84.92435999999998
"Dededo, GU",22811,139825,13.565620000000024,144.8446
"Defiance, OH",22879,18306,41.286470000000065,-84.36227999999994
"DeKalb, IL",22960,68545,41.929490000000044,-88.74989999999997
"Delano, CA",22987,54372,35.77054000000004,-119.24476999999996
"Delavan, WI",23041,12158,42.63210000000004,-88.64687999999995
"Del Rio, TX",23203,43914,29.366510000000062,-100.89829999999995
"Deltona, FL",23311,182169,28.93223000000006,-81.22334999999998
"Deming, NM",23338,14903,32.26805000000007,-107.75865999999996
"Denton, TX",23500,366174,33.21659000000005,-97.13152999999994
"Denver, CO",23527,2374203,39.74001000000004,-104.99201999999997
"DeRidder, LA",23662,13341,30.84734000000003,-93.28895999999997
"Desert Hot Springs, CA",23716,39445,33.96145000000007,-116.51023999999995
"Des Moines, IA",23743,450070,41.58981000000006,-93.61537999999996
"Detroit, MI",23824,3734090,42.33168000000006,-83.04799999999994
"Dickinson, ND",24094,17586,46.87903000000006,-102.79058999999995
"Dickson, TN",24121,16016,36.07662000000005,-87.38761999999997
"Discovery Bay, CA",24256,14044,37.90420000000006,-121.60216999999994
"Dixon, CA",24283,18445,38.445520000000045,-121.81706999999994
"Dixon, IL",24310,16858,41.848040000000026,-89.48461999999995
"Dodge City, KS",24337,27316,37.75267000000008,-100.01890999999995
"Donaldsonville, LA",24391,14571,30.105600000000038,-90.98545999999999
"Dothan, AL",24472,68781,31.223250000000064,-85.39336999999995
"Douglas, AZ",24499,17673,31.344470000000058,-109.55163999999996
"Douglas, GA",24526,14154,31.505690000000072,-82.84955999999994
"Dover, DE",24580,110769,39.15803000000005,-75.52472999999998
"Dover, NH",24607,88087,43.19346000000007,-70.87417999999997
"Dublin, GA",24715,20999,32.538940000000025,-82.90727999999996
"DuBois, PA",24796,11898,41.119770000000074,-78.75973999999997
"Dubuque, IA",24823,67818,42.49913000000004,-90.66326999999995
"Duluth, MN",24850,120378,46.787960000000055,-92.09984999999995
"Dumas, TX",24904,14836,35.84535000000005,-101.97340999999994
"Duncan, OK",24931,21301,34.50186000000008,-97.95753999999994
"Dunkirk, NY",25012,25514,42.48724000000004,-79.33577999999994
"Dunn, NC",25039,14823,35.306710000000066,-78.60867999999994
"Durango, CO",25147,17982,37.27367000000004,-107.87929999999994
"Durant, OK",25201,16402,33.99320000000006,-96.38601999999997
"Durham, NC",25228,347602,35.995420000000024,-78.89643999999998
"Dyersburg, TN",25309,21903,36.034050000000036,-89.38548999999995
"Eagle Pass, TX",25498,49236,28.70953000000003,-100.49959999999999
"Earlimart, CA",25579,13211,35.87743000000006,-119.26850999999999
"East Liverpool, OH",25687,31564,40.620580000000075,-80.58066999999994
"Easton, MD",25741,17132,38.773900000000026,-76.07474999999994
"East Stroudsburg, PA",25849,54316,40.99455000000006,-75.17805999999996
"Eau Claire, WI",26038,102852,44.816580000000044,-91.50076999999999
"Eden, NC",26092,17187,36.503460000000075,-79.74373999999995
"Edwards, CO",26275,17326,39.64436000000006,-106.59352999999999
"Effingham, IL",26308,13800,39.119620000000054,-88.53756999999996
"El Campo, TX",26389,11719,29.218050000000062,-96.28794999999997
"El Centro, CA",26416,107672,32.79616000000004,-115.56996999999996
"El Dorado, AR",26470,18944,33.21151000000003,-92.66545999999994
"El Dorado, KS",26524,14724,37.81725000000006,-96.84978999999998
"Elgin, TX",26659,10043,30.349010000000078,-97.37096999999994
"Elizabeth City, NC",26686,23905,36.30150000000003,-76.21975999999995
"Elizabethtown, KY",26750,73467,37.693670000000054,-85.85911999999996
"Elk City, OK",26767,10855,35.41230000000007,-99.41723999999999
"Elkhart, IN",26794,143592,41.68676000000005,-85.97566999999998
"Elkhorn, WI",26821,12484,42.671880000000044,-88.54542999999995
"Elkins, WV",26875,11061,38.92402000000004,-79.84448999999995
"Elko, NV",26902,18948,40.835680000000025,-115.76753999999994
"Ellensburg, WA",26983,20987,46.99703000000005,-120.54871999999995
"Ellwood City, PA",27085,13006,40.861470000000054,-80.28251999999998
"Elmira, NY",27118,67983,42.09041000000008,-76.79880999999995
"El Paso, TX",27253,803086,31.759160000000065,-106.48748999999998
"El Paso de Robles (Paso Robles), CA",27261,65088,35.62552000000005,-120.69129999999996
"El Reno, OK",27280,15069,35.53383000000008,-97.95603999999997
"Emporia, KS",27523,24830,38.40560000000005,-96.18015999999994
"Enid, OK",27631,47609,36.397620000000074,-97.87833999999998
"Ennis, TX",27658,18258,32.32955000000004,-96.62369999999999
"Enterprise, AL",27685,36427,31.315150000000074,-85.85461999999995
"Erie, PA",27766,196611,42.12982000000005,-80.08549999999997
"Escanaba, MI",27847,20850,45.74555000000004,-87.07975999999996
"Espanola, NM",27874,26418,35.991130000000055,-106.08057999999994
"Estrella, AZ",27991,11108,33.00249000000008,-112.42058999999995
"Eugene, OR",28117,247421,44.04992000000004,-123.08853999999997
"Eunice, LA",28144,11940,30.492150000000038,-92.41516999999999
"Eureka, CA",28198,45034,40.803270000000055,-124.15952999999996
"Eureka, MO",28262,11260,38.50222000000008,-90.62799999999999
"Evanston, WY",28306,12017,41.267480000000035,-110.96397999999999
"Evansville, IN",28333,229351,37.97708000000006,-87.56404999999995
"Evergreen, CO",28441,13556,39.632930000000044,-105.31902999999994
"Excelsior Springs, MO",28495,10943,39.33921000000004,-94.22616999999997
"Fairbanks, AK",28549,64513,64.84525000000008,-147.72209999999998
"Fairfield, CA",28657,133683,38.24924000000004,-122.04429999999996
"Fairfield, IA",28711,10320,41.00664000000006,-91.96280999999999
"Fairmont, WV",28873,33409,39.48157000000003,-80.14719999999994
"Fajardo, PR",28981,85225,18.32812000000007,-65.65331999999995
"Fallon, NV",29035,16241,39.47491000000008,-118.77796999999998
"Fargo, ND",29089,176676,46.87591000000003,-96.78175999999996
"Faribault, MN",29116,23696,44.29508000000004,-93.27149999999995
"Farmington, MO",29251,39370,37.780430000000024,-90.42046999999997
"Farmington, NM",29278,53049,36.72814000000005,-108.20568999999995
"Fayetteville, NC",29440,310282,35.05534000000006,-78.87726999999995
"Fayetteville, AR",29494,295083,36.06320000000005,-94.15790999999996
"Fergus Falls, MN",29575,12081,46.278620000000046,-96.07238999999998
"Fernandina Beach, FL",29602,25239,30.66999000000004,-81.46382999999997
"Fernley, NV",29656,18979,39.60113000000007,-119.24647999999996
"Fillmore, CA",29710,15081,34.39847000000003,-118.91331999999994
"Findlay, OH",29737,48441,41.037600000000054,-83.65029999999996
"Firestone, CO",29775,21474,40.11686000000003,-104.93880999999999
"Fitzgerald, GA",29791,11638,31.71497000000005,-83.25225999999998
"Flagstaff, AZ",29818,71957,35.19820000000004,-111.65129999999999
"Flint, MI",29872,356218,43.01144000000005,-83.68678999999997
"Florence, AL",29953,77074,34.80060000000003,-87.67488999999995
"Florence, AZ",29980,16586,33.04535000000004,-111.38629999999995
"Florence, OR",30034,10177,43.969130000000064,-124.10720999999995
"Florence, SC",30061,89557,34.193670000000054,-79.76818999999995
"Florida, PR",30115,71747,18.37342545100006,-66.56016322599999
"Foley, AL",30171,26469,30.406070000000057,-87.68379999999996
"Fond du Lac, WI",30223,54901,43.77302000000003,-88.44708999999995
"Forest City, NC",30331,26418,35.33381000000003,-81.86487999999997
"Forest Lake, MN",30358,21816,45.28230000000008,-92.98408999999998
"Forney, TX",30439,27051,32.749040000000036,-96.47046999999998
"Forrest City, AR",30466,13690,35.011420000000044,-90.78619999999995
"Fort Atkinson, WI",30547,21105,42.92637000000008,-88.83700999999996
"Fort Bragg, CA",30574,10348,39.44672000000003,-123.80591999999996
"Fort Collins, CO",30628,264465,40.581470000000024,-105.07661999999999
"Fort Dodge, IA",30682,25122,42.501550000000066,-94.17763999999994
"Fort Leonard Wood, MO",30748,29257,37.76971000000003,-92.11669999999998
"Fort Madison, IA",30763,10848,40.630210000000034,-91.32927999999998
"Fort Morgan, CO",30817,13178,40.25464000000005,-103.80147999999997
"Fort Polk, LA",30871,14300,31.053030000000035,-93.22081999999995
"Fort Smith, AR",30925,122947,35.384700000000066,-94.42144999999994
"Fortuna, CA",30979,13084,40.597770000000025,-124.15553999999997
"Fort Valley, GA",31033,10605,32.553900000000056,-83.88863999999995
"Fort Walton Beach, FL",31060,191917,30.404240000000073,-86.61529999999999
"Fort Wayne, IN",31087,313492,41.08026000000007,-85.13830999999999
"Fostoria, OH",31114,14694,41.155680000000075,-83.41234999999995
"Four Corners, FL",31150,35549,28.33287000000007,-81.64737999999994
"Frankfort, IN",31222,16684,40.28214000000003,-86.51071999999994
"Frankfort, KY",31249,35734,38.195070000000044,-84.87868999999995
"Franklin, LA",31303,14617,29.792250000000024,-91.49764999999996
"Franklin, NJ",31450,35436,41.116820000000075,-74.59159999999997
"Frederick, MD",31519,141576,39.41574000000003,-77.41202999999996
"Fredericksburg, TX",31573,11511,30.27499000000006,-98.87210999999996
"Fredericksburg, VA",31600,141238,38.301180000000045,-77.45932999999997
"Freeport, IL",31681,25980,42.29729000000003,-89.62164999999999
"Fremont, NE",31762,27471,41.43441000000007,-96.49859999999995
"Fremont, OH",31789,23332,41.34754000000004,-83.11418999999995
"Fresno, CA",31843,654628,36.740950000000055,-119.78535999999997
"Front Royal, VA",31924,18638,38.91798000000006,-78.19354999999996
"Fulton, MO",32086,12197,38.846970000000056,-91.94705999999996
"Gadsden, AL",32113,64172,34.014770000000055,-86.00716999999997
"Gaffney, SC",32140,20844,35.07362000000006,-81.64865999999995
"Gainesville, FL",32167,187781,29.651950000000056,-82.32277999999997
"Gainesville, GA",32194,130846,34.29738000000003,-83.82530999999994
"Gainesville, TX",32221,15746,33.624270000000024,-97.14301999999998
"Galesburg, IL",32329,36001,40.94691000000006,-90.36465999999996
"Galion, OH",32356,15966,40.73389000000003,-82.78940999999998
"Galliano, LA",32383,21437,29.435500000000047,-90.29841999999996
"Gallup, NM",32437,23114,35.527840000000026,-108.74355999999995
"Galt, CA",32451,24912,38.25299000000007,-121.30080999999996
"Galveston, TX",32491,44022,29.29532000000006,-94.80790999999994
"Garapan, MP",32506,46203,15.207546021310373,145.7194673178275
"Garden City, KS",32518,29942,37.969190000000026,-100.87319999999994
"Gardnerville Ranchos, NV",32572,20107,38.88877000000008,-119.74032999999997
"Gastonia, NC",32653,169495,35.26221000000004,-81.18701999999996
"Gatesville, TX",32707,15310,31.434900000000027,-97.74352999999996
"Geneva, NY",32842,29990,42.86642000000006,-76.98217999999997
"Georgetown, KY",32977,30764,19.29657000000003,-81.38174999999995
"Georgetown, SC",33031,12320,33.36830000000003,-79.28074999999995
"Gillette, WY",33247,32721,44.29318000000006,-105.50475999999998
"Gilroy, CA",33328,98413,37.004410000000064,-121.57174999999995
"Glasgow, KY",33436,13569,36.99355000000003,-85.91401999999994
"Glens Falls, NY",33598,65443,43.31122000000005,-73.64375999999999
"Glenwood Springs, CO",33652,11581,39.54603000000003,-107.32369999999997
"Globe, AZ",33679,13515,33.39592000000005,-110.7892
"Gloversville, NY",33733,29226,43.05062000000004,-74.34445999999997
"Goldsboro, NC",33814,61054,35.38596000000007,-77.99684999999994
"Gramercy, LA",34151,15279,30.047550000000058,-90.68941999999998
"Granbury, TX",34165,28250,32.44235000000003,-97.79425999999995
"Grand Forks, ND",34219,61270,47.924330000000054,-97.03172999999998
"Grand Island, NE",34246,50440,40.92474000000004,-98.33989999999994
"Grand Junction, CO",34273,128124,39.068790000000035,-108.56444999999997
"Grand Rapids, MI",34300,569935,42.96642000000003,-85.67194999999998
"Grandview, WA",34381,18407,46.25606000000005,-119.90122999999994
"Grants, NM",34489,12152,35.150630000000035,-107.84987999999998
"Grants Pass, OR",34516,50520,42.44345000000004,-123.32448999999997
"Grass Valley, CA",34597,34308,39.21926000000008,-121.06149999999997
"Great Bend, KS",34705,16177,38.366010000000074,-98.76513999999997
"Great Falls, MT",34759,65207,47.50732000000005,-111.30606999999998
"Greeley, CO",34786,117825,40.42327000000006,-104.69445999999999
"Green Bay, WI",34813,206520,44.513000000000034,-88.01000999999997
"Greencastle, IN",34840,10625,39.64400000000006,-86.86076999999995
"Greeneville, TN",34894,23957,36.16292000000004,-82.83103999999997
"Greenfield, CA",34921,16451,36.31908000000004,-121.24179999999996
"Greenfield, MA",34975,22965,42.58758000000006,-72.59842999999995
"Green River, WY",35083,12672,41.528850000000034,-109.46693999999997
"Greensboro, NC",35164,311810,36.06908000000004,-79.79502999999994
"Greensburg, IN",35191,11560,39.337680000000034,-85.48489999999998
"Greenville, MS",35353,35025,33.398960000000045,-91.03777999999994
"Greenville, NC",35380,117798,35.61215000000004,-77.38075999999995
"Greenville, OH",35407,13337,40.10306000000003,-84.63402999999994
"Greenville, PA",35434,10771,41.40547000000004,-80.38781999999998
"Greenville, SC",35461,400492,34.84829000000008,-82.40009999999995
"Greenville, TX",35488,23283,33.13907000000006,-96.10677999999996
"Greenwood, MS",35569,22380,33.51711000000006,-90.18038999999999
"Greenwood, SC",35596,42103,34.191040000000044,-82.16073999999998
"Grenada, MS",35623,10481,33.78398000000004,-89.80999999999995
"Grove City, PA",35812,11886,41.15769000000006,-80.08834999999993
"Guayama, PR",35866,80155,17.985200000000077,-66.11314999999996
"Gulfport, MS",35920,208948,30.38032000000004,-89.09188999999998
"Gun Barrel City, TX",35974,14884,32.33090000000004,-96.14666999999997
"Guymon, OK",36109,11338,36.68165000000005,-101.48156999999998
"Hagerstown, MD",36190,182696,39.64250000000004,-77.71757999999994
"Hailey, ID",36217,10453,43.521070000000066,-114.31643999999994
"Haleiwa, HI",36231,13770,21.58997000000005,-158.10284999999996
"Half Moon Bay, CA",36271,20713,37.46347000000003,-122.42924999999997
"Hammond, LA",36514,67629,30.504170000000045,-90.45845999999995
"Hammonton, NJ",36541,13152,39.63595000000004,-74.80359999999996
"Hampstead, NC",36585,10716,34.36746000000005,-77.71069999999997
"Hanford, CA",36703,87941,36.32743000000005,-119.64588999999995
"Hannibal, MO",36730,18472,39.703550000000064,-91.37590999999998
"Hanover, PA",36784,66301,39.800740000000076,-76.98285999999996
"Harlingen, TX",36892,135663,26.189860000000067,-97.69554999999997
"Harriman, TN",36946,23515,35.93434000000008,-84.55161999999996
"Harrisburg, PA",37081,444474,40.25986000000006,-76.88222999999994
"Harrison, AR",37108,13950,36.22863000000007,-93.11002999999994
"Harrison, OH",37145,12910,39.26203000000004,-84.81652999999994
"Harrisonburg, VA",37162,66784,38.45163000000008,-78.86969999999997
"Hartford, CT",37243,924859,41.76375000000007,-72.67393999999996
"Hartsville, SC",37405,15125,34.37502000000006,-80.07374999999996
"Hastings, MN",37540,22328,44.742290000000025,-92.85138999999998
"Hastings, NE",37567,24312,40.585680000000025,-98.39242999999999
"Hattiesburg, MS",37594,80358,31.327350000000024,-89.29070999999999
"Havelock, NC",37675,21596,34.87558000000007,-76.90344999999996
"Hawaiian Paradise Park, HI",37716,20503,19.59089000000006,-154.96981999999997
"Hays, KS",37783,21180,38.871200000000044,-99.33290999999997
"Hazleton, PA",37945,56827,40.95479000000006,-75.97678999999994
"Heber, UT",38053,17212,40.50690000000003,-111.41323999999997
"Helena, MT",38161,45055,46.58976000000007,-112.02064999999999
"Helena-West Helena, AR",38172,11321,34.52910000000003,-90.58999999999997
"Hemet, CA",38215,163379,33.749370000000056,-116.96759999999995
"Henderson, NC",38269,20858,36.33006000000006,-78.39847999999995
"Henderson, TX",38323,15187,32.153260000000046,-94.79926999999998
"Hereford, TX",38431,15941,34.81216000000006,-102.40575999999999
"Hermiston, OR",38485,27790,45.84051000000005,-119.28947
"Hibbing, MN",38620,11616,47.42105000000004,-92.94173999999998
"Hickory, NC",38647,212195,35.73491000000007,-81.33559999999994
"Highland, IL",38755,11525,38.73942000000005,-89.67671999999999
"High Point, NC",38809,166485,35.95536000000004,-80.00519999999995
"Hillsdale, MI",38998,11646,41.92291000000006,-84.63183999999995
"Hilo, HI",39052,43925,19.71924000000007,-155.08184999999997
"Hilton Head Island, SC",39079,68998,32.15510000000006,-80.76252999999997
"Hinesville, GA",39133,51456,31.851140000000044,-81.58365999999995
"Hobbs, NM",39214,36696,32.696570000000065,-103.12852999999996
"Holland, MI",39430,99941,42.77358000000004,-86.10225999999994
"Hollister, CA",39511,42002,36.85254000000003,-121.40362999999996
"Homosassa Springs, FL",39758,80962,28.805630000000065,-82.57541999999995
"Hood River, OR",39916,14653,45.70885000000004,-121.51072999999997
"Hopkinsville, KY",40078,32491,36.867350000000044,-87.48764999999997
"Hornell, NY",40132,10997,42.327330000000075,-77.66081999999994
"Hot Springs, AR",40213,55121,34.509600000000034,-93.05176999999998
"Houghton, MI",40294,15452,47.12186000000003,-88.57001999999994
"Houma, LA",40375,144875,29.597330000000056,-90.71912999999995
"Houston, TX",40429,4944332,29.760780000000068,-95.36951999999997
"Hudson, NY",40537,11512,42.25282000000004,-73.79142999999993
"Hudson, WI",40547,22395,44.98214000000007,-92.75719999999995
"Huntingdon, PA",40699,11385,40.48467000000005,-78.01138999999995
"Huntington, IN",40726,18207,40.882840000000044,-85.49424999999997
"Huntington, WV",40753,202637,38.42031000000003,-82.44550999999996
"Huntsville, AL",40780,286692,34.72929000000005,-86.58509999999995
"Huntsville, TX",40807,36928,30.723780000000033,-95.55216999999999
"Huron, SD",40861,12637,44.36385000000007,-98.21413999999999
"Hurricane, UT",40888,16336,37.17710000000005,-113.28476999999998
"Hutchinson, KS",40915,44320,38.05725000000007,-97.93247999999994
"Hutchinson, MN",40942,14054,44.890870000000064,-94.36921999999998
"Idaho Falls, ID",40996,90733,43.492110000000025,-112.04226999999997
"Ilion, NY",41023,24792,43.01840000000004,-75.04216999999994
"Immokalee, FL",41077,23160,26.418580000000077,-81.41995999999995
"Incline Village, NV",41100,13022,39.250350000000026,-119.96171999999996
"Indiana, PA",41185,28807,40.62290000000007,-79.15014999999994
"Indianapolis, IN",41212,1487483,39.76691000000005,-86.15011999999996
"Indianola, IA",41239,14281,41.35829000000007,-93.55931999999996
"Indianola, MS",41266,10408,33.45084000000003,-90.64493999999996
"Indio, CA",41347,345580,33.72213000000005,-116.21941999999996
"Ingleside, TX",41360,16522,27.88136000000003,-97.20921999999996
"Ionia, MI",41536,14409,42.983100000000036,-85.06418999999994
"Iowa City, IA",41590,106621,41.65782000000007,-91.52652999999998
"Iron Mountain, MI",41671,19228,45.82074000000006,-88.06524999999993
"Ishpeming, MI",41833,12301,46.48863000000006,-87.66934999999995
"Ithaca, NY",41914,53661,42.440510000000074,-76.49545999999998
"Jackson, MI",42157,90057,42.24555000000004,-84.40049999999997
"Jackson, MS",42211,351478,32.29887000000008,-90.18044999999995
"Jackson, TN",42265,71880,35.61390000000006,-88.81939999999997
"Jackson, WY",42319,11407,43.48024000000004,-110.76235999999994
"Jacksonville, FL",42346,1065219,30.331470000000024,-81.65621999999996
"Jacksonville, IL",42373,22669,39.74520000000007,-90.23115999999999
"Jacksonville, NC",42400,105419,34.74929000000003,-77.42104999999998
"Jacksonville, TX",42427,14075,31.963170000000048,-95.27029999999996
"Jackson, OH",42439,11768,39.05406000000005,-82.63972999999999
"Jamestown, NY",42481,43404,42.09605000000005,-79.23779999999994
"Jamestown, ND",42508,15284,46.91032000000007,-98.70853999999997
"Janesville, WI",42562,69658,42.68789000000004,-89.01820999999995
"Jasper, AL",42616,14156,33.83128000000005,-87.28084999999999
"Jasper, IN",42697,15759,38.39145000000008,-86.93221999999997
"Jayuya, PR",42778,11300,18.21065442300005,-66.58846844199996
"Jefferson, GA",42849,10443,34.11863000000005,-83.57096999999999
"Jefferson City, MO",42967,58533,38.577510000000075,-92.17783999999995
"Jefferson Township North, NJ",42978,13714,40.47352940724235,-74.44812810089851
"Jerome, ID",43048,10892,42.72412000000003,-114.51580999999999
"Jesup, GA",43102,12660,31.606670000000065,-81.88591999999994
"Jewett City, CT",43115,10119,41.602940000000046,-71.97582999999997
"Johnson City, TN",43210,120415,36.320080000000075,-82.34517999999997
"Johnstown, CO",43253,13693,40.33608000000004,-104.90682999999996
"Johnstown, PA",43291,69014,40.32726000000008,-78.91834999999998
"Jonesboro, AR",43345,65419,35.83525000000003,-90.70506999999998
"Joplin, MO",43399,82775,37.084760000000074,-94.51346999999998
"Juana Díaz, PR",43453,80928,18.049654445000044,-66.49550800299994
"Junction City, KS",43507,38787,39.028260000000046,-96.83045999999996
"Juneau, AK",43561,24537,58.29973000000007,-134.40678999999994
"Jupiter Farms, FL",43595,10962,26.92390000000006,-80.21851999999996
"Kahului, HI",43615,55934,20.891020000000026,-156.46726999999998
"Kailua (Hawaii County), HI",43642,28850,19.513424354078698,-154.90458926463114
"Kailua (Honolulu County), HI",43669,113682,21.394966000000068,-157.73926299999997
"Kalaheo, HI",43696,14840,21.92416000000003,-159.52685999999997
"Kalamazoo, MI",43723,209703,42.291570000000036,-85.58838999999995
"Kalispell, MT",43777,31785,48.20189000000005,-114.31499999999994
"Kankakee, IL",43885,81926,41.120010000000036,-87.86103999999995
"Kansas City, MO",43912,1519417,39.103440000000035,-94.58310999999998
"Kapaa, HI",43939,19063,22.077310000000068,-159.31682999999998
"Kearney, NE",44182,31287,40.70047000000005,-99.08346999999998
"Keene, NH",44209,22510,42.933350000000075,-72.28059999999994
"Kendallville, IN",44371,10399,41.44083000000006,-85.26504999999997
"Kennett, MO",44452,11241,36.23653000000007,-90.05564999999996
"Kennewick, WA",44479,210975,46.20804000000004,-119.11697999999996
"Kenosha, WI",44506,124064,42.58808000000005,-87.82325999999995
"Keokuk, IA",44560,13411,40.396960000000036,-91.38456999999994
"Kerman, CA",44587,13487,36.729340000000036,-120.06025999999997
"Kerrville, TX",44641,28810,30.051580000000058,-99.14530999999994
"Ketchikan, AK",44668,10352,55.34210000000007,-131.64783999999997
"Kewanee, IL",44722,12857,41.24730000000005,-89.92485999999997
"Key Largo, FL",44789,18121,25.16593000000006,-80.37869999999998
"Key West, FL",44857,32095,24.554500000000075,-81.80022999999994
"Kihei, HI",44911,25819,20.785000000000025,-156.46555999999998
"Kilgore, TX",44938,15957,32.38028000000003,-94.86903999999998
"Kill Devil Hills, NC",44965,19095,36.01365000000004,-75.65708999999998
"Killeen, TX",44992,217630,31.11689000000007,-97.72736999999995
"King City, CA",45073,14529,36.210860000000025,-121.12659999999994
"Kingman, AZ",45127,42107,35.18888000000004,-114.05598999999995
"Kingsport, TN",45235,106571,36.54780000000005,-82.56041999999997
"Kingston, NY",45262,57442,41.92698000000007,-73.99736999999999
"Kingsville, TX",45316,26011,27.515730000000076,-97.85542999999996
"Kinston, NC",45397,29083,35.26869000000005,-77.58179999999999
"Kirksville, MO",45424,15914,40.19682000000006,-92.57201999999995
"Kissimmee, FL",45451,314071,28.29457000000008,-81.40662999999995
"Kittanning, PA",45478,14072,40.81436000000008,-79.51944999999995
"Klamath Falls, OR",45505,41434,42.223880000000065,-121.78205999999994
"Knoxville, TN",45640,558696,35.960680000000025,-83.92102999999997
"Kokomo, IN",45694,62182,40.48651000000007,-86.12623999999994
"Kuna, ID",45775,15234,43.488440000000026,-116.42195999999996
"Kutztown, PA",45802,10002,40.51851000000005,-75.77648999999997
"LaBelle, FL",45829,12054,26.76735000000008,-81.43738999999994
"Laconia, NH",45856,18636,43.52807000000007,-71.46893999999998
"La Crosse, WI",45910,100868,43.812670000000026,-91.25205999999997
"Lady Lake, FL",45937,112991,28.932610000000068,-81.92794999999995
"Lafayette, IN",46018,147725,40.41738000000004,-86.87597999999997
"Lafayette, LA",46045,252720,30.220320000000072,-92.01704999999998
"Lafayette, CO",46126,79407,39.98828000000003,-105.09051999999997
"La Follette, TN",46153,21055,36.36086000000006,-84.14193999999998
"La Grande, OR",46207,14909,45.32955000000004,-118.09594999999996
"LaGrange, GA",46234,34879,33.04142000000007,-85.03107999999997
"Lahaina, HI",46396,21331,20.878700000000038,-156.67819999999998
"Laie, HI",46423,15071,21.64867000000004,-157.92323999999996
"Lake Arrowhead, CA",46465,22175,34.25063000000006,-117.19104999999996
"Lake Charles, LA",46531,143440,30.224030000000027,-93.22010999999998
"Lake City, FL",46558,25623,30.19052000000005,-82.63711999999998
"Lake Conroe Eastshore, TX",46639,10121,30.16447000000005,-95.47250999999994
"Lake Conroe Westshore, TX",46666,20569,44.779663082624026,-72.06814221062595
"Lake Geneva, WI",46693,14649,42.59178000000003,-88.43618999999995
"Lake Havasu City, AZ",46747,53427,34.47440000000006,-114.34631999999999
"Lake Jackson, TX",46801,74830,29.03436000000005,-95.44629999999995
"Lakeland, FL",46828,262596,28.04419000000007,-81.94785999999993
"Lake Los Angeles, CA",46855,11808,34.606130000000064,-117.82445999999999
"Lake Placid, FL",47010,16351,27.29669000000007,-81.36664999999994
"Lakeport, CA",47071,16583,39.04371000000003,-122.91515999999996
"Lakes, AK",47132,44236,61.607120000000066,-149.30860999999996
"Lamesa, TX",47395,11579,32.73655000000008,-101.95171999999997
"Lancaster, OH",47503,42557,39.713790000000074,-82.60427999999996
"Lancaster, PA",47530,402004,40.038320000000056,-76.30133999999998
"Lancaster, SC",47557,23979,34.72096000000005,-80.77111999999994
"Lancaster, CA",47611,341219,34.698930000000075,-118.14477999999997
"Lansing, MI",47719,313532,42.731940000000066,-84.55224999999996
"Lapeer, MI",47746,13424,43.05260000000004,-83.31535999999994
"Laramie, WY",47827,31965,41.31080000000003,-105.59034999999994
"Laredo, TX",47854,235730,27.530920000000037,-99.50222999999994
"Las Cruces, NM",47935,128600,32.30691000000007,-106.77784999999994
"Las Vegas, NM",47989,15609,35.59567000000004,-105.21629999999999
"Las Vegas, NV",47995,1886011,36.17193000000003,-115.14000999999996
"Laurel, MS",48043,26131,31.69682000000006,-89.13517999999999
"Laurens, SC",48151,10336,34.499700000000075,-82.01485999999994
"Laurinburg, NC",48178,21161,34.77442000000008,-79.46357999999998
"Lawrence, KS",48232,88053,38.973070000000064,-95.23617999999999
"Lawrenceburg, KY",48259,12475,38.03719000000007,-84.89586999999995
"Lawrenceburg, TN",48286,10100,35.24100000000004,-87.33145999999994
"Lawrenceburg, IN",48313,12977,39.09248000000008,-84.85179999999997
"Lawton, OK",48394,94457,34.605180000000075,-98.38991999999996
"Leavenworth, KS",48475,45283,39.31964000000005,-94.91566999999998
"Lebanon, IN",48502,15415,40.04758000000004,-86.46775999999994
"Lebanon, MO",48556,14046,37.678000000000054,-92.66050999999999
"Lebanon, OR",48637,19744,44.53689000000003,-122.90704
"Lebanon, PA",48664,77086,40.330490000000054,-76.42587999999995
"Lebanon, TN",48691,27653,36.20786000000004,-86.28951999999998
"Lebanon, NH",48728,25690,43.645080000000064,-72.25379999999996
"Leesburg, FL",48799,131337,28.811100000000067,-81.87727999999998
"Lee's Summit, MO",48826,85081,38.914390000000026,-94.37549999999999
"Leominster, MA",49096,116960,42.52688000000006,-71.76193999999998
"Levelland, TX",49204,13796,33.587330000000065,-102.37854999999996
"Lewes, DE",49231,24129,38.780430000000024,-75.13079999999997
"Lewisburg, TN",49258,10464,35.449110000000076,-86.78879999999998
"Lewiston, ID",49312,51924,46.41873000000004,-117.01704999999998
"Lewiston, ME",49339,59397,44.09856000000008,-70.21833999999996
"Lewistown, PA",49393,22181,40.59734000000003,-77.57436999999999
"Lexington, NE",49474,10464,40.777750000000026,-99.73949999999996
"Lexington-Fayette, KY",49582,290263,38.04859000000005,-84.50031999999999
"Lexington Park, MD",49594,58875,38.265640000000076,-76.45274999999998
"Liberal, KS",49636,20329,37.03240000000005,-100.92679999999996
"Lihue, HI",49771,13983,21.975050000000067,-159.36907999999997
"Lima, OH",49852,72852,40.74269000000004,-84.10744999999997
"Lincoln, IL",49906,18224,40.15206000000006,-89.35790999999995
"Lincoln, NE",49933,258719,40.81362000000007,-96.70729999999998
"Lincoln City, OR",49960,10526,44.930090000000064,-124.01767999999998
"Lincolnton, NC",49987,22686,35.47175000000004,-81.25575999999995
"Lindale, TX",50014,10021,32.51651000000004,-95.40986999999996
"Lindsay, CA",50041,14610,36.20387000000005,-119.08925999999997
"Little Rock, AR",50392,431388,34.74870000000004,-92.27484999999996
"Livermore, CA",50527,81624,37.67570000000006,-121.75855999999999
"Lockhart, TX",50743,12337,29.88476000000003,-97.67184999999995
"Lock Haven, PA",50770,17741,41.13766000000004,-77.44222999999994
"Lockport, NY",50797,36024,43.169260000000065,-78.69510999999994
"Lodi, CA",50851,68738,38.13018000000005,-121.27551999999997
"Logan, UT",50959,94983,41.73691000000008,-111.83481999999998
"Logan, WV",50986,10747,37.84736000000004,-81.99429999999995
"Logansport, IN",51013,21561,40.753750000000025,-86.36020999999994
"Lompoc, CA",51040,51509,34.640480000000025,-120.45787999999999
"London, OH",51121,14260,39.88620000000003,-83.44838999999996
"London, KY",51131,37367,37.127230000000054,-84.08382999999998
"Longmont, CO",51175,90897,40.163940000000025,-105.10021999999998
"Long Neck, DE",51202,14150,38.61973000000006,-75.15108999999995
"Longview, TX",51256,98884,32.50064000000003,-94.74060999999995
"Longview, WA",51283,63952,46.14681000000007,-122.95057999999995
"Lorain, OH",51364,180956,41.468200000000024,-82.17814999999996
"Los Alamos, NM",51418,10893,35.88101000000006,-106.30521999999996
"Los Angeles, CA",51445,12150996,34.053570000000036,-118.24544999999995
"Los Banos, CA",51472,35917,37.06138000000004,-120.84758
"Los Lunas, NM",51499,63758,34.811870000000056,-106.74293999999998
"Louisville/Jefferson County, KY",51755,972546,38.254890000000046,-85.76665999999994
"Lovington, NM",51769,11592,32.944450000000074,-103.34862999999996
"Lubbock, TX",51877,237356,33.58451000000008,-101.84500999999995
"Ludington, MI",51958,10710,43.95547000000005,-86.45232999999996
"Lufkin, TX",51985,44927,31.342390000000023,-94.71825999999999
"Lumberton, NC",52066,29739,34.61898000000008,-79.01397999999995
"Lynchburg, VA",52201,116636,37.41420000000005,-79.14299999999997
"Lynden, WA",52228,14533,48.942900000000066,-122.45078999999998
"McAlester, OK",52363,19501,34.933970000000045,-95.76960999999994
"McAllen, TX",52390,728825,26.207700000000045,-98.22930999999994
"Macclenny, FL",52417,10984,30.28246000000007,-82.12185999999997
"McComb, MS",52471,16388,31.24574000000007,-90.45409999999998
"McFarland, CA",52552,12826,35.67746000000005,-119.22796999999997
"McKinney, TX",52687,170030,33.19916000000006,-96.61499999999995
"McMinnville, OR",52741,38970,45.20920000000007,-123.19912999999997
"McMinnville, TN",52768,15386,35.68094000000008,-85.77448999999996
"Macomb, IL",52795,19945,40.45993000000004,-90.66945999999996
"Macon, GA",52822,137570,32.83994000000007,-83.62801999999994
"McPherson, KS",52903,13083,38.369350000000054,-97.66584999999998
"Madera, CA",52984,78413,36.96205000000003,-120.06398999999999
"Madison, IN",53092,18271,38.736330000000066,-85.38053999999994
"Madison, WI",53200,401661,43.07313000000005,-89.38643999999994
"Madisonville, KY",53227,24809,37.327870000000075,-87.49889999999994
"Magnolia, AR",53362,10438,33.26750000000004,-93.24085999999994
"Mahomet, IL",53416,11044,40.19190000000003,-88.40683999999999
"Malone, NY",53524,10825,44.848790000000065,-74.29496999999998
"Malvern, AR",53551,11186,34.36278000000004,-92.81272999999999
"Manchester, NH",53740,158377,42.99120000000005,-71.46309999999994
"Manchester, TN",53767,11379,35.475970000000075,-86.08068999999995
"Mandeville, LA",53794,88925,30.37250000000006,-90.07910999999996
"Manhattan, KS",53848,54622,39.178810000000055,-96.56183999999996
"Manitowoc, WI",53956,46360,44.10787000000005,-87.66171999999995
"Mankato, MN",53983,57584,44.16740000000004,-94.00240999999994
"Mansfield, OH",54091,75250,40.75854000000004,-82.51523999999995
"Manteca, CA",54145,83578,37.79917000000006,-121.23218999999995
"Maricopa, AZ",54477,42337,33.059300000000064,-112.04808999999995
"Marietta, OH",54486,22428,39.42393000000004,-81.46118999999999
"Marinette, WI",54496,19431,45.09976000000006,-87.63300999999996
"Marion, IN",54577,43519,40.55881000000005,-85.66066999999998
"Marion, NC",54631,13363,35.68431000000004,-82.00837999999999
"Marion, OH",54658,46384,40.58382000000006,-83.12851999999998
"Marion Oaks, FL",54739,14160,29.02568000000008,-82.18134999999995
"Marquette, MI",54874,26946,46.545840000000055,-87.41262999999998
"Marshall, MN",54982,13464,44.449010000000044,-95.79166999999995
"Marshall, MO",55009,12665,39.12027000000006,-93.19580999999994
"Marshall, TX",55036,21979,32.54634000000004,-94.35010999999997
"Marshalltown, IA",55090,26858,42.04977000000008,-92.90801999999996
"Marshfield, WI",55144,19421,44.66698000000008,-90.17362999999995
"Martin, TN",55171,11397,36.342930000000024,-88.85046999999997
"Martinsville, IN",55225,13276,39.42786000000007,-86.42670999999996
"Martinsville, VA",55252,35091,36.68996000000004,-79.86880999999994
"Marysville, OH",55306,22348,40.23532000000006,-83.36673999999994
"Marysville, WA",55333,145140,48.06114000000008,-122.17689999999999
"Maryville, MO",55360,13220,40.34746000000007,-94.87289999999996
"Mason City, IA",55414,27115,43.14667000000003,-93.20108999999997
"Massena, NY",55468,11259,44.93182000000007,-74.89297999999997
"Mattoon, IL",55576,18978,39.48155000000003,-88.37584999999996
"Mauldin, SC",55603,120577,34.77875000000006,-82.30909999999994
"Mayagüez, PR",55738,109572,18.203680000000077,-67.14689999999996
"Mayfield, KY",55765,11356,36.74144000000007,-88.63458999999995
"Maysville, KY",55819,11454,38.64539000000008,-83.76013999999998
"Meadville, PA",55900,23887,41.636510000000044,-80.15156999999994
"Mecca, CA",55927,11253,33.57195000000007,-116.07341999999994
"Medford, OR",55981,154081,42.32356000000004,-122.87561
"Memphis, TN",56116,1060061,35.14976000000007,-90.04924999999997
"Mendota, CA",56170,11211,36.75406000000004,-120.37883999999997
"Menomonie, WI",56224,17844,44.881590000000074,-91.92937999999998
"Merced, CA",56251,136969,37.30152000000004,-120.48689999999999
"Meridian, MS",56305,41531,32.365080000000034,-88.70307999999994
"Merrill, WI",56359,10282,45.18095000000005,-89.69373999999999
"Mesquite, NV",56413,14284,36.80393000000004,-114.06669
"Mexico, MO",56548,11356,39.17263000000003,-91.88724999999994
"Miami, FL",56602,5502379,25.77481000000006,-80.19772999999998
"Miami, OK",56629,16144,36.874040000000036,-94.87755999999996
"Michigan City, IN",56656,66025,41.71936000000005,-86.90316999999999
"Middlesborough, KY",56818,15330,54.576230000000066,-1.2348299999999313
"Middletown, DE",56845,29415,39.45028000000008,-75.71683999999993
"Middletown, NY",56899,58381,41.44584000000003,-74.42260999999996
"Middletown, OH",56926,97503,39.511630000000025,-84.40285999999998
"Midland, MI",56980,59014,43.617080000000044,-84.24505999999997
"Midland, TX",57007,117807,32.00002000000006,-102.07445999999999
"Milford, DE",57196,18009,38.91070000000008,-75.42853999999994
"Milledgeville, GA",57223,29808,33.08151000000004,-83.22547999999995
"Milton, PA",57439,30806,41.02024000000006,-76.85412999999994
"Milwaukee, WI",57466,1376476,43.042230000000075,-87.90689999999995
"Minden, LA",57493,13338,32.615180000000066,-93.28599999999994
"Mineral Wells, TX",57574,16109,32.81072000000006,-98.07244999999995
"Minneapolis, MN",57628,2650890,44.97902000000005,-93.26493999999997
"Minot, ND",57655,42650,48.23610000000008,-101.29609999999997
"Mission Viejo, CA",57709,583681,33.620070000000055,-117.67708999999996
"Missoula, MT",57736,82157,46.872780000000034,-113.99624999999997
"Mitchell, SD",57817,14955,43.70214000000004,-98.02867999999995
"Moberly, MO",57898,13933,39.42796000000004,-92.43326999999994
"Mobile, AL",57925,326183,30.686480000000074,-88.05296999999996
"Modesto, CA",58006,358172,37.64155000000005,-121.00345999999996
"Monessen, PA",58168,66086,40.16103000000004,-79.88216999999997
"Monmouth, OR",58249,18167,44.848550000000046,-123.23700999999994
"Monroe, GA",58303,15854,33.795840000000055,-83.71341999999999
"Monroe, LA",58330,116533,32.50983000000008,-92.11878999999999
"Monroe, MI",58357,51240,41.91606000000007,-83.39789999999994
"Monroe, WI",58384,10883,42.60302000000007,-89.64505999999994
"Montgomery, AL",58600,263907,32.38015000000007,-86.30007999999998
"Monticello, MN",58870,25536,45.30558000000008,-93.79427999999996
"Montrose, CO",58951,22706,38.478620000000035,-107.87758999999994
"Morehead City, NC",59194,44798,34.721790000000055,-76.71757999999994
"Morgan City, LA",59221,32022,29.70124000000004,-91.20291999999995
"Morgantown, WV",59275,70350,39.63053000000008,-79.95770999999996
"Morris, IL",59329,15668,41.35892000000007,-88.42497999999995
"Morristown, TN",59410,59036,36.215040000000045,-83.29304999999994
"Morro Bay, CA",59437,26772,35.36692000000005,-120.84668999999997
"Moscow, ID",59491,24212,46.732350000000054,-117.00037999999995
"Moses Lake, WA",59518,32978,47.13196000000005,-119.27709999999996
"Moultrie, GA",59572,18677,31.180430000000058,-83.78882999999996
"Mountain Home, AR",59680,14180,36.33526000000006,-92.38528999999994
"Mountain Home, ID",59707,16531,43.13151000000005,-115.69346999999999
"Mount Airy, NC",59815,19457,36.49930000000006,-80.60728999999998
"Mount Pleasant, MI",60112,37447,43.597230000000025,-84.76814999999993
"Mount Pleasant, TX",60166,15987,33.15679000000006,-94.96826999999996
"Mount Pocono, PA",60195,24216,41.12203000000005,-75.36462999999998
"Mount Sterling, KY",60274,10835,38.05647000000005,-83.94325999999995
"Mount Vernon, IL",60328,16008,38.31728000000004,-88.90363999999994
"Mount Vernon, OH",60463,22153,40.39340000000004,-82.48571999999996
"Mount Vernon, WA",60490,62966,48.42122000000006,-122.33404999999999
"Mukwonago, WI",60517,20255,42.89328000000006,-88.38526999999993
"Muncie, IN",60625,90580,40.193160000000034,-85.38172999999995
"Murfreesboro, TN",60733,133228,35.84508000000005,-86.39502999999996
"Murray, KY",60787,19072,36.610340000000065,-88.30209999999994
"Murrieta, CA",60799,441546,33.558430000000044,-117.21178999999995
"Muscatine, IA",60814,25342,41.42208000000005,-91.04316999999998
"Muskegon, MI",60841,161280,43.23425000000003,-86.24481999999995
"Muskogee, OK",60868,42052,35.74848000000003,-95.36904999999996
"Myrtle Beach, SC",60895,215304,33.69373000000007,-78.88231999999994
"Mystic Island, NJ",60930,22217,39.54428000000007,-74.38236999999998
"Nacogdoches, TX",60949,34546,31.60378000000003,-94.65589999999997
"Nampa, ID",60976,151499,43.58263000000005,-116.56961999999999
"Napa, CA",61057,83913,38.29911000000004,-122.28540999999996
"Nashua, NH",61165,226400,42.75881000000004,-71.46441999999996
"Nashville-Davidson, TN",61273,969587,36.16784000000007,-86.77815999999996
"Natchez, MS",61327,28199,31.559210000000064,-91.39820999999995
"Natchitoches, LA",61354,19763,31.760950000000037,-93.08697999999998
"Neosho, MO",61543,11955,36.868480000000034,-94.36535999999995
"Newark, NY",61678,13799,43.04632000000004,-77.09521999999998
"Newark, OH",61705,76068,40.06027000000006,-82.40404999999998
"New Bedford, MA",61786,149443,41.63780000000003,-70.93088999999998
"Newberg, OR",61813,27001,45.300320000000056,-122.97557999999998
"New Bern, NC",61840,50503,35.10847000000007,-77.04150999999996
"Newberry, SC",61894,12046,34.27455000000003,-81.61923999999993
"New Castle, IN",62137,22816,39.93122000000005,-85.36956999999995
"New Castle, PA",62164,41907,41.00197000000003,-80.34723999999994
"New Freedom, PA",62353,14179,39.73840000000007,-76.70191999999997
"New Haven, CT",62407,562839,41.308010000000024,-72.92431999999997
"Newman, CA",62569,10223,37.31733000000003,-121.02200999999997
"New Orleans, LA",62677,899703,29.953700000000026,-90.07774999999998
"New Philadelphia, OH",62731,46366,40.48976000000005,-81.44638999999995
"Newport, OR",62839,11188,44.63227000000006,-124.05759999999998
"Newport, TN",62893,11603,35.96667000000008,-83.18492999999995
"Newton, IA",63082,15655,41.69927000000007,-93.04285999999996
"Newton, KS",63109,20654,38.05329000000006,-97.34512999999998
"Newton, NJ",63137,11941,41.05857000000003,-74.75318999999996
"New Ulm, MN",63163,13367,44.31245000000007,-94.46067999999997
"New York, NY",63217,18351295,40.71455000000003,-74.00713999999994
"Nicholasville, KY",63244,28058,37.886790000000076,-84.57034999999996
"Nipomo, CA",63282,15882,35.042710000000056,-120.47628999999995
"Nogales, AZ",63325,32044,31.337830000000054,-110.94005999999996
"Norfolk, NE",63406,26769,42.032710000000066,-97.41105999999996
"Norman, OK",63433,103898,35.22097000000008,-97.44609999999994
"North Adams, MA",63460,18470,42.699910000000045,-73.11503999999996
"Northfield, MN",63676,21535,44.44960000000003,-93.15375999999998
"North Platte, NE",63811,25213,41.13632000000007,-100.76332999999994
"North Port, FL",63838,169541,27.075140000000033,-82.20680999999996
"North Vernon, IN",63865,11354,39.005760000000066,-85.62391999999994
"North Wilkesboro, NC",63946,18264,36.16100000000006,-81.14276999999998
"Norton, VA",64027,10510,36.93602000000004,-82.62313999999998
"Norwalk, OH",64054,20806,41.24216000000007,-82.61537999999996
"Norwich, CT",64135,209190,41.526760000000024,-72.07567999999998
"Oak Harbor, WA",64378,33004,48.29061000000007,-122.64721999999995
"Oak Island, NC",64459,11226,33.90898000000004,-78.10874999999999
"Ocala, FL",64567,156909,29.18775000000005,-82.14040999999997
"Ocean Pines, MD",64660,33105,38.39549000000005,-75.15521999999999
"Ocean View, DE",64702,12342,38.54645000000005,-75.09004999999996
"Odessa, TX",64864,126405,31.849150000000066,-102.37518999999998
"Ogden, UT",64945,546026,41.222570000000076,-111.97046999999998
"Ogdensburg, NY",64972,11344,44.694240000000036,-75.48993999999993
"Oil City, PA",64999,15296,41.42817000000008,-79.71195999999998
"Okeechobee, FL",65026,25378,27.24374000000006,-80.83223999999996
"Oklahoma City, OK",65080,861505,35.472030000000075,-97.52106999999995
"Okmulgee, OK",65107,14053,35.62326000000007,-95.97628999999995
"Olean, NY",65161,22324,42.07761000000005,-78.42813999999998
"Olympia, WA",65242,176617,47.03956000000005,-122.89165999999994
"Omaha, NE",65269,725008,41.260680000000036,-95.94025999999997
"Oneida, NY",65404,21784,43.09938000000005,-75.65559999999994
"Oneonta, NY",65512,17229,42.45560000000006,-75.05991999999998
"Ontario, OR",65539,25539,44.025690000000054,-116.96585999999996
"Opelousas, LA",65593,25534,30.533000000000072,-92.08234999999996
"Orangeburg, SC",65701,33506,33.48935000000006,-80.86471999999998
"Oregon, WI",65809,11059,42.916690000000074,-89.38711999999998
"Orlando, FL",65863,1510516,28.538230000000055,-81.37738999999993
"Orosi, CA",65917,15150,36.54559000000006,-119.28691999999995
"Oroville, CA",65944,37122,39.51388000000003,-121.55609999999996
"Oshkosh, WI",66160,74495,44.024910000000034,-88.54442999999998
"Oskaloosa, IA",66187,12545,41.29692000000006,-92.64507999999995
"Oswego, NY",66241,39385,43.45646000000005,-76.51118999999994
"Othello, WA",66268,11207,46.82616000000007,-119.17419999999998
"Otsego, MI",66285,11740,42.460510000000056,-85.69684999999998
"Ottawa, IL",66295,20612,41.34656000000007,-88.84265999999997
"Ottawa, KS",66322,12450,38.60886000000005,-95.26866999999999
"Ottumwa, IA",66376,24771,41.02046000000007,-92.41619999999995
"Owatonna, MN",66430,25394,44.093380000000025,-93.22937999999994
"Owensboro, KY",66484,70543,37.77421000000004,-87.11350999999996
"Owosso, MI",66538,22426,42.99758000000003,-84.17624999999998
"Oxford, MS",66565,25768,34.36402000000004,-89.51893999999999
"Oxford, OH",66619,21376,39.51049000000006,-84.74274999999994
"Oxnard, CA",66673,367260,34.20034000000004,-119.18011999999999
"Ozark, AL",66690,12066,31.458950000000073,-85.64070999999996
"Pacific, MO",66740,10327,38.48383000000007,-90.74140999999997
"Paducah, KY",66781,48791,37.08571000000006,-88.59584999999998
"Pahrump, NV",66943,28446,36.21357000000006,-115.99140999999997
"Palatka, FL",67051,23982,29.648580000000038,-81.63736999999998
"Palestine, TX",67078,19254,31.761700000000076,-95.63199999999995
"Palm Bay, FL",67105,452791,27.999900000000025,-80.67261999999994
"Palm Coast, FL",67134,349064,29.549360000000036,-81.23050999999998
"Pampa, TX",67240,18166,35.531870000000026,-100.95876999999996
"Panama City, FL",67294,143280,30.15987000000007,-85.66032999999999
"Paradise, CA",67375,34725,39.750770000000045,-121.60772999999995
"Paragould, AR",67402,24620,36.05695000000003,-90.48736999999994
"Paris, KY",67510,11042,38.20972000000006,-84.25267999999994
"Paris, TN",67537,10642,36.30189000000007,-88.32624999999996
"Paris, TX",67564,26349,33.66128000000003,-95.56355999999994
"Park City, UT",67618,13352,40.64385000000004,-111.49432999999999
"Parkersburg, WV",67672,67229,39.263720000000035,-81.55856999999997
"Parlier, CA",67753,14490,36.61470000000003,-119.54771999999997
"Parsons, KS",67780,10298,37.34051000000005,-95.25838999999996
"Pascagoula, MS",67807,50428,30.36560000000003,-88.55647999999997
"Patterson, CA",67861,20781,37.47290000000004,-121.12944999999996
"Pawleys Island, SC",67996,11532,33.43864000000008,-79.12753999999995
"Paw Paw Lake, MI",68106,11589,42.21189000000004,-86.27186999999998
"Payson, AZ",68158,14210,34.23160000000007,-111.32445999999999
"Pecos, TX",68266,11785,31.425640000000044,-103.49422999999996
"Pell City, AL",68374,11096,33.58608000000004,-86.28640999999999
"Pendleton, OR",68428,17216,45.671790000000044,-118.78639999999996
"Pensacola, FL",68482,340067,30.420840000000055,-87.21722999999997
"Peoria, IL",68509,266921,40.692360000000065,-89.58798999999999
"Peru, IN",68806,13095,40.752440000000036,-86.06807999999995
"Peru, IL",68833,32048,41.327620000000024,-89.12849999999997
"Petaluma, CA",68887,64078,38.232470000000035,-122.64443999999997
"Philadelphia, PA",69076,5441567,39.95222000000007,-75.16217999999998
"Philipsburg, PA",69130,10015,40.89621000000005,-78.22103999999996
"Phoenix, AZ",69184,3629114,33.44825000000003,-112.07579999999996
"Picayune, MS",69211,16792,30.526530000000037,-89.67967999999996
"Pierre, SD",69292,14425,44.36905000000007,-100.34999999999997
"Pine Bluff, AR",69454,53495,34.22353000000004,-92.00339999999994
"Pinehurst, NC",69517,36272,35.19130000000007,-79.47197999999997
"Piqua, OH",69616,21104,40.14761000000004,-84.23979999999995
"Pittsburg, KS",69643,22918,37.41073000000006,-94.70482999999996
"Pittsburgh, PA",69697,1733853,40.438510000000065,-79.99733999999995
"Pittsfield, MA",69778,59124,42.44771000000003,-73.25413999999995
"Placerville, CA",69832,29700,38.727910000000065,-120.80331999999999
"Plainview, TX",69967,25810,34.19781000000006,-101.69814999999994
"Platteville, WI",70129,11236,42.735340000000065,-90.47996999999998
"Plattsburgh, NY",70156,29438,44.699130000000025,-73.45302999999996
"Pleasanton, TX",70237,12468,28.967760000000055,-98.47881999999998
"Plymouth, IN",70291,12498,41.34310000000005,-86.30948999999998
"Pocatello, ID",70426,69809,42.874970000000076,-112.45055999999994
"Poinciana, FL",70480,41922,28.14029000000005,-81.45840999999996
"Point Pleasant, OH",70507,11217,38.894580000000076,-84.23347999999999
"Ponca City, OK",70615,26047,36.703580000000045,-97.07927999999998
"Ponce, PR",70642,149539,18.01165000000003,-66.61441999999994
"Pontiac, IL",70669,12323,40.88116000000008,-88.62919999999997
"Poplar Bluff, MO",70804,20463,36.756980000000055,-90.39326999999997
"Portage, WI",70858,10391,43.53835000000004,-89.45795999999996
"Portales, NM",70912,12610,34.18431000000004,-103.33959999999996
"Port Angeles, WA",70939,22863,48.11872000000005,-123.43129999999996
"Port Arthur, TX",70993,153150,29.89940000000007,-93.92948999999999
"Port Clinton, OH",71047,13349,41.51329000000004,-82.94144999999997
"Porterville, CA",71074,70272,36.07096000000007,-119.01619
"Port Huron, MI",71155,87106,42.97589000000005,-82.42918999999995
"Port Isabel, TX",71182,14950,26.07743000000005,-97.20839999999998
"Port Jervis, NY",71209,16787,41.37485000000004,-74.69141999999994
"Portland, ME",71263,203914,43.65915000000007,-70.25667999999996
"Portland, OR",71317,1849898,45.511790000000076,-122.67562999999996
"Portland, TN",71344,10869,36.579620000000034,-86.51563999999996
"Port Lavaca, TX",71371,11817,28.61596000000003,-96.62356999999997
"Port St. Lucie, FL",71479,376047,27.27481000000006,-80.36366999999996
"Portsmouth, NH",71506,88200,43.07066000000003,-70.77216999999996
"Portsmouth, OH",71533,36232,38.74535000000003,-82.99272999999994
"Pottstown, PA",71749,107682,40.246500000000026,-75.64852999999994
"Pottsville, PA",71776,43247,40.685460000000035,-76.19538999999997
"Poughkeepsie, NY",71803,423566,41.70712000000003,-73.92914999999994
"Prescott Valley, AZ",72112,84744,34.58600000000007,-112.32314999999994
"Price, UT",72235,14187,39.60101000000003,-110.81098999999995
"Princess Anne, MD",72262,10396,38.20978000000008,-75.69494999999995
"Prineville, OR",72424,10905,44.30292000000003,-120.84375999999997
"Providence, RI",72505,1190956,41.823870000000056,-71.41198999999995
"Provo, UT",72559,482819,40.233700000000056,-111.66888999999998
"Pueblo, CO",72613,136550,38.26375000000007,-104.61251999999996
"Pukalani, HI",72640,26128,20.839210000000037,-156.34107999999998
"Pulaski, VA",72694,16066,37.04939000000007,-80.77986999999996
"Pullman, WA",72748,29729,46.73015000000004,-117.18146999999999
"Purcellville, VA",72856,11951,39.13668000000007,-77.71436999999997
"Quincy, IL",73045,45228,39.93559000000005,-91.39582999999999
"Racine, WI",73153,133700,42.725640000000055,-87.78954999999996
"Raleigh, NC",73261,884891,35.78547000000003,-78.64269999999993
"Ramona, CA",73288,25913,33.04195000000004,-116.86871999999994
"Rantoul, IL",73369,14071,40.30850000000004,-88.14621999999997
"Rapid City, SD",73396,81251,44.08146000000005,-103.23079999999999
"Raymondville, TX",73612,14481,26.481890000000078,-97.78191999999996
"Reading, PA",73693,266254,40.33662000000004,-75.92783999999995
"Red Bluff, CA",73720,18434,40.17806000000007,-122.23538999999994
"Redding, CA",73774,117731,40.587600000000066,-122.39254999999997
"Redmond, OR",73882,27685,44.27257000000003,-121.17588999999998
"Red Wing, MN",73963,14367,44.56657000000007,-92.53436999999997
"Reedley, CA",74044,46247,36.59460000000007,-119.45285999999999
"Reidsville, NC",74152,14067,36.35955000000007,-79.66422999999998
"Reno, NV",74179,392141,39.527660000000026,-119.81352999999996
"Rexburg, ID",74260,26852,43.82608000000005,-111.78251999999998
"Richmond, IN",74638,44136,39.83041000000003,-84.89028999999994
"Richmond, KY",74665,35540,37.74881000000005,-84.29756999999995
"Richmond, VA",74746,953556,37.540680000000066,-77.43366999999995
"Ridgecrest, CA",74827,31155,35.62248000000005,-117.66797999999994
"Rifle, CO",74935,10479,39.533250000000066,-107.78330999999997
"Rincon, GA",74989,12111,32.29598000000004,-81.23574999999994
"Rio Grande City, TX",75072,46344,26.377900000000068,-98.81470999999999
"River Falls, WI",75286,15351,44.85418000000004,-92.62811999999997
"Riverside, CA",75340,1932666,33.98171000000008,-117.37403999999998
"Riverton, WY",75367,12265,43.02467000000007,-108.38092999999998
"Roanoke, VA",75421,210111,37.271520000000066,-79.94056999999998
"Roanoke Rapids, NC",75448,24450,36.47628000000003,-77.64626999999996
"Robstown, TX",75556,11991,27.78947000000005,-97.66420999999997
"Rochelle, IL",75583,11342,41.93345000000005,-89.06829999999997
"Rochester, MN",75637,107677,44.01932000000005,-92.45932999999997
"Rochester, NY",75664,720572,43.155800000000056,-77.61631999999997
"Rockford, IL",75718,296863,42.26690000000008,-89.07739999999995
"Rock Hill, SC",75745,104996,34.92428000000007,-81.02708999999999
"Rockingham, NC",75772,25404,34.93601000000007,-79.77434999999997
"Rockport, TX",75853,16322,28.027270000000044,-97.05483999999996
"Rock Springs, WY",75880,26352,41.58632000000006,-109.22267
"Rocky Mount, NC",75988,68243,35.948840000000075,-77.79498999999998
"Rolla, MO",76123,20160,37.95147000000003,-91.76930999999996
"Rome, GA",76204,60851,34.244890000000055,-85.16678999999993
"Rome, NY",76231,33428,43.215160000000026,-75.45335999999998
"Rosamond, CA",76285,16000,34.86438000000004,-118.16343999999998
"Roseburg, OR",76339,41700,43.21089000000006,-123.34326999999996
"Roswell, NM",76447,49727,33.39509000000004,-104.52274999999997
"Round Lake Beach, IL",76474,290373,42.383890000000065,-88.07102999999995
"Russellville, AR",76933,32733,35.27829000000003,-93.13480999999996
"Ruston, LA",76987,27724,32.53049000000004,-92.63980999999995
"Rutland, VT",77014,19840,43.605090000000075,-72.97827999999998
"Sacramento, CA",77068,1723634,38.579440000000034,-121.49084999999997
"Safford, AZ",77095,19151,32.834370000000035,-109.70859999999999
"Saginaw, MI",77149,126265,43.41940000000005,-83.94651999999996
"Sahuarita, AZ",77161,40691,31.957750000000033,-110.96636999999998
"St. Augustine, FL",77230,69173,29.894690000000026,-81.31451999999996
"St. Cloud, MN",77338,110621,45.56586000000004,-94.19751999999994
"St. George, UT",77446,98370,37.10415000000006,-113.58411999999998
"St. Helens, OR",77527,25650,45.86400000000003,-122.80648999999994
"St. Joseph, MO",77743,81176,39.76660000000004,-94.85606999999999
"St. Louis, MO",77770,2150706,38.62775000000005,-90.19955999999996
"St. Marys, GA",77932,34630,30.730510000000038,-81.54648999999995
"St. Peter, MN",78013,11634,44.32358000000005,-93.95800999999994
"St. Simons, GA",78026,12226,31.135230000000035,-81.39009999999996
"Salem, OH",78202,18617,40.90098000000006,-80.85578999999996
"Salem, OR",78229,236632,44.933260000000075,-123.04380999999995
"Salina, KS",78283,47493,38.84054000000003,-97.60969999999998
"Salinas, CA",78310,184809,36.670870000000036,-121.65482999999995
"Salisbury, MD",78364,98081,38.36573000000004,-75.59531999999996
"Salt Lake City, UT",78499,1021243,40.76031000000006,-111.88821999999999
"San Angelo, TX",78553,92984,31.461830000000077,-100.44255999999996
"San Antonio, TX",78580,1758210,29.42458000000005,-98.49460999999997
"San Diego, CA",78661,2956746,32.71568000000008,-117.16170999999997
"Sandpoint, ID",78715,10840,48.27295000000004,-116.54780999999997
"Sandusky, OH",78769,48990,41.44876000000005,-82.70736999999997
"Sanford, ME",78850,13584,43.43753000000004,-70.77230999999995
"Sanford, NC",78877,33120,35.46622000000008,-79.15924999999999
"San Francisco, CA",78904,3281212,37.777120000000025,-122.41963999999996
"Sanger, CA",78931,26604,36.70887000000005,-119.55642999999998
"San Germán, PR",78985,118199,18.111096150000037,-67.03845080199994
"San Jose, CA",79039,1664496,37.33865000000003,-121.88541999999995
"San Juan, PR",79093,2148346,18.466330000000028,-66.10472999999996
"San Luis, AZ",79120,24091,32.48992000000004,-114.78224999999998
"San Luis Obispo, CA",79147,59219,35.28579000000008,-120.66274999999996
"San Marcos, TX",79201,52826,29.88608000000005,-97.92817999999994
"Santa Barbara, CA",79282,195861,34.41938000000005,-119.69904999999994
"Santa Clarita, CA",79309,258653,34.41389000000004,-118.55117999999999
"Santa Cruz, CA",79336,163703,36.974240000000066,-122.03097999999994
"Santa Fe, NM",79363,89284,35.691770000000076,-105.93823999999995
"Santa Isabel, PR",79390,10550,17.99623251500003,-66.38920035399997
"Santa Maria, CA",79417,130447,34.953130000000044,-120.43452999999994
"Santa Paula, CA",79444,29742,34.35215000000005,-119.05957999999998
"Santa Rosa, CA",79498,308231,38.43808000000007,-122.71246999999994
"Sarasota, FL",79606,643260,27.33889000000005,-82.53886999999997
"Saratoga Springs, NY",79633,64100,43.08411000000007,-73.78440999999998
"Sault Ste. Marie, MI",79714,13114,46.49231000000003,-84.35171999999994
"Savannah, GA",79768,260677,32.080910000000074,-81.09118999999998
"Sayre, PA",79903,17991,41.98527000000007,-76.52720999999997
"Scottsbluff, NE",80065,25946,41.862190000000055,-103.66273999999999
"Scottsboro, AL",80092,10069,34.685200000000066,-86.09460999999999
"Scottsburg, IN",80119,11434,38.68578000000008,-85.76921999999996
"Scranton, PA",80227,381502,41.410150000000044,-75.66077999999999
"Searcy, AR",80308,25979,35.25081000000006,-91.74022999999994
"Seaside, CA",80362,114237,36.604040000000055,-121.85349999999994
"Seattle, WA",80389,3059393,47.60357000000005,-122.32944999999995
"Sebastian, FL",80400,149422,27.817170000000033,-80.47401999999994
"Sebring, FL",80416,61625,27.495970000000057,-81.44078999999994
"Sedalia, MO",80443,26178,38.710770000000025,-93.22805999999997
"Seguin, TX",80497,24122,29.569510000000037,-97.96465999999998
"Selma, AL",80524,23821,32.41279000000003,-87.02281999999997
"Selma, CA",80551,41810,36.567540000000065,-119.61077999999998
"Seneca, SC",80671,26054,34.68548000000004,-82.95567999999997
"Sequim, WA",80686,19286,48.07965000000007,-123.10366999999997
"Sevierville, TN",80713,22108,35.869260000000054,-83.56766999999996
"Seymour, IN",80794,20695,38.957260000000076,-85.88897999999995
"Shady Side, MD",80902,10784,38.842790000000036,-76.51574999999997
"Shafter, CA",80929,18098,35.50499000000008,-119.27704999999997
"Shamokin, PA",80985,30185,40.784350000000074,-76.55888999999996
"Shawano, WI",81064,10527,44.78281000000004,-88.60939999999994
"Shawnee, OK",81091,34255,35.33269000000007,-96.92484999999999
"Sheboygan, WI",81118,71313,43.749780000000044,-87.71342999999996
"Shelby, NC",81199,27374,35.291750000000036,-81.54019999999997
"Shelbyville, IN",81280,20795,39.52153000000004,-85.77701999999994
"Shelbyville, KY",81307,20621,38.21237000000008,-85.22523999999999
"Shelbyville, TN",81334,20005,35.48302000000007,-86.45998999999995
"Shelton, WA",81415,18705,47.21248000000003,-123.10564999999997
"Shenandoah, PA",81472,19009,40.82045000000005,-76.20156999999995
"Sheridan, WY",81604,18786,44.79792000000003,-106.95586999999995
"Sherman, TX",81631,61900,33.63604000000004,-96.60912999999994
"Shippensburg, PA",81658,17008,40.05194000000006,-77.51691999999997
"Show Low, AZ",81712,10409,34.25045000000006,-110.04251999999997
"Shreveport, LA",81739,298317,32.51487000000003,-93.74688999999995
"Sidney, OH",81874,21956,40.28688000000005,-84.15421999999995
"Sierra View, PA",81889,28347,41.01207000000005,-75.45899999999995
"Sierra Vista, AZ",81901,52745,31.569420000000036,-110.27467999999999
"Sikeston, MO",81928,16536,36.87652000000003,-89.58828999999997
"Siloam Springs, AR",81982,19326,36.188630000000046,-94.54133999999999
"Silver City, NM",82036,12705,32.77022000000005,-108.27495999999996
"Silverthorne, CO",82090,15351,39.63704000000007,-106.07310999999999
"Simi Valley, CA",82144,125206,34.289460000000076,-118.71765999999997
"Sioux City, IA",82225,106494,42.499900000000025,-96.42085999999995
"Sioux Falls, SD",82252,156777,43.54577000000006,-96.73127999999997
"Slidell, LA",82468,91151,30.27621000000005,-89.78162999999995
"Smithfield, NC",82522,27155,35.51175000000006,-78.34728999999999
"Smithfield, VA",82549,10215,36.98150000000004,-76.63406999999995
"Snoqualmie, WA",82675,20592,47.52716000000004,-121.82431999999994
"Snyder, TX",82711,11557,32.71715000000006,-100.91775999999999
"Soledad, CA",82846,25943,36.42861000000005,-121.32751999999999
"Solvang, CA",82873,14862,34.59606000000008,-120.14419999999996
"Somerset, KY",82900,29042,37.09341000000006,-84.60080999999997
"Somerset, PA",82927,12583,40.00846000000007,-79.07910999999996
"Somerton, AZ",82981,16988,32.596640000000036,-114.71007999999995
"Sonoma, CA",83008,32678,38.29188000000005,-122.45727999999997
"Sonora, CA",83073,28255,37.98329000000007,-120.38218999999998
"South Bend, IN",83116,278165,41.679070000000024,-86.25404999999995
"South Lake Tahoe, CA",83305,29107,38.91162000000003,-120.00780999999995
"South Lyon, MI",83332,119509,42.46058000000005,-83.65317999999996
"Spartanburg, SC",83548,180786,34.94838000000004,-81.93493999999998
"Spearfish, SD",83575,11459,44.49058000000008,-103.85908999999998
"Spencer, IA",83629,10952,43.14187000000004,-95.14469999999994
"Spirit Lake, IA",83710,10826,43.42301000000003,-95.10225999999994
"Spokane, WA",83764,387847,47.657260000000065,-117.41227999999995
"Spout Springs, NC",83818,14488,35.267900000000054,-79.05725999999999
"Springfield, IL",83899,161316,39.801300000000026,-89.64359999999994
"Springfield, MA",83926,621300,42.10125000000005,-72.58928999999995
"Springfield, MO",83953,273724,37.20897000000008,-93.29158999999999
"Springfield, OH",83980,85256,39.92503000000005,-83.80672999999996
"Springfield, TN",83993,17357,36.50939000000005,-86.88541999999995
"Spring Hill, FL",84024,148220,28.459040000000073,-82.62748999999997
"Spring Hill, TN",84088,31208,35.75183000000004,-86.92951999999997
"Springs, NY",84115,12604,41.016860000000065,-72.15894999999995
"Starkville, MS",84466,30307,33.46592000000004,-88.81287999999995
"State College, PA",84493,87454,40.79373000000004,-77.86069999999995
"Statesboro, GA",84547,36314,32.44891000000007,-81.78332999999998
"Staunton, VA",84630,56611,38.150010000000066,-79.07271999999995
"Stayton, OR",84655,10291,44.80256000000003,-122.79432999999995
"Steamboat Springs, CO",84682,12888,40.48785000000004,-106.83638999999994
"Stephenville, TX",84763,16796,32.22032000000007,-98.20194999999995
"Sterling, CO",84790,16088,40.62660000000005,-103.20639999999997
"Sterling, IL",84817,28827,41.79405000000003,-89.69881999999996
"Stevens Point, WI",84871,44223,44.52412000000004,-89.57478999999995
"Stillwater, OK",85033,44515,36.11665000000005,-97.05862999999994
"Stockton, CA",85087,370583,37.953730000000064,-121.29045999999994
"Storm Lake, IA",85114,11364,42.64746000000008,-95.20140999999995
"Streator, IL",85222,17797,41.121470000000045,-88.83418999999998
"Sturgis, MI",85303,13040,41.80025000000006,-85.41868999999997
"Sulphur Springs, TX",85546,14196,33.13796000000008,-95.60288999999995
"Summerville, GA",85654,11041,34.47744000000006,-85.34830999999997
"Sumter, SC",85708,73107,33.92438000000004,-80.34318999999994
"Sunbury, PA",85762,29541,40.86276000000004,-76.79619999999994
"Sun City Hilton Head, SC",85775,12555,32.21632000000005,-80.75260999999995
"Sunnyside, WA",85789,17327,46.32379000000003,-120.00948999999997
"Susanville, CA",85870,10285,40.41570000000007,-120.64982999999995
"Swansboro, NC",86024,16335,34.692720000000065,-77.12916999999999
"Sweetwater, TX",86167,10247,32.474590000000035,-100.39898999999997
"Sylacauga, AL",86194,17991,33.171560000000056,-86.25024999999994
"Syracuse, NY",86302,412317,43.05042000000003,-76.14737999999994
"Taft, CA",86329,14985,35.142540000000054,-119.45763
"Tafuna, AS",86369,43450,-14.33582999999993,-170.71999999999997
"Tahlequah, OK",86383,18521,35.911470000000065,-94.97299999999996
"Talladega, AL",86437,13493,33.434510000000046,-86.10268999999994
"Tallahassee, FL",86464,240223,30.439770000000067,-84.28064999999998
"Tamaqua, PA",86572,15200,40.79732000000007,-75.96873999999997
"Tampa, FL",86599,2441770,27.946530000000052,-82.45926999999995
"Taos, NM",86653,13686,36.41202000000004,-105.57411999999994
"Tarboro, NC",86707,13581,35.90722000000005,-77.54092999999995
"Taylor, TX",86734,14436,30.57015000000007,-97.40964999999994
"Taylorville, IL",86788,13742,39.55226000000005,-89.29138999999998
"Tehachapi, CA",86869,16540,35.132240000000024,-118.44910999999996
"Temple, TX",87058,90390,31.097470000000044,-97.34302999999994
"Terre Haute, IN",87139,92742,39.46649000000008,-87.41300999999999
"Terrell, TX",87166,14834,32.737970000000075,-96.27482999999995
"Texarkana, TX",87193,78162,33.425580000000025,-94.04824999999994
"Texas City, TX",87220,106383,29.392990000000054,-94.92507999999998
"The Dalles, OR",87263,17665,45.60155000000003,-121.18342999999999
"Thomaston, GA",87382,14416,32.89903000000004,-84.32851999999997
"Thomasville, GA",87436,24139,30.836420000000032,-83.98048999999997
"Thousand Oaks, CA",87490,214811,34.17570000000006,-118.84808999999996
"Three Rivers, MI",87517,10820,41.942660000000046,-85.63639999999998
"Tiffin, OH",87598,19546,41.11549000000008,-83.17669999999998
"Tifton, GA",87625,23757,31.452090000000055,-83.50957999999997
"Titusville, FL",87787,54386,28.608030000000042,-80.80769999999995
"Toccoa, GA",87841,10846,34.579620000000034,-83.33313999999996
"Toledo, OH",87868,507643,41.65381000000008,-83.53625999999997
"Tooele, UT",88057,31058,40.534080000000074,-112.29848999999996
"Topeka, KS",88084,150003,39.04928000000007,-95.67117999999994
"Toppenish, WA",88111,14512,46.375080000000025,-120.31297999999998
"Torrington, CT",88192,42754,41.80137000000008,-73.08619999999996
"Tracy, CA",88273,87569,37.73970000000003,-121.42640999999998
"Traverse City, MI",88300,47109,44.75999000000007,-85.61583999999993
"Trenton, NJ",88462,296668,40.21788000000004,-74.75939999999997
"Troy, AL",88543,15897,31.80967000000004,-85.97216999999995
"Troy, MO",88570,13231,38.98660000000007,-90.98134999999996
"Truckee, CA",88624,12139,39.32612000000006,-120.21214999999995
"Tucson, AZ",88732,843168,32.22177000000005,-110.96976999999998
"Tullahoma, TN",88921,17250,35.36240000000004,-86.21200999999996
"Tulsa, OK",88948,655479,36.15011000000004,-95.99351999999999
"Tupelo, MS",89029,40995,34.25741000000005,-88.70782999999994
"Turlock, CA",89083,99904,37.49528000000004,-120.84671999999995
"Tuscaloosa, AL",89110,139114,33.210420000000056,-87.56624999999997
"Twentynine Palms, CA",89191,12895,34.13561000000004,-116.05460999999997
"Twin Falls, ID",89245,48836,42.55619000000007,-114.46959999999996
"Twin Rivers, NJ",89263,64037,40.26386000000008,-74.49443999999994
"Tyler, TX",89326,130247,32.34763000000004,-95.29429999999996
"Ukiah, CA",89380,29709,39.15093000000007,-123.2079
"Union, SC",89488,10033,34.71530000000007,-81.62315999999998
"Union City, TN",89569,10303,36.42413000000005,-89.05726999999996
"Uniontown, PA",89650,51370,39.902100000000075,-79.72417999999999
"Urbana, OH",89758,11699,40.109140000000025,-83.75237999999996
"Urban Honolulu, HI",89770,802459,21.30493000000007,-157.85787999999997
"Utica, NY",89785,117328,43.095890000000054,-75.24257999999998
"Uvalde, TX",89839,18118,29.207300000000032,-99.79382999999996
"Vacaville, CA",89866,93141,38.35218000000003,-121.99262999999996
"Valdosta, GA",89974,77085,30.835050000000024,-83.28109999999998
"Vallejo, CA",90028,165074,38.10095000000007,-122.25494999999995
"Valley, AL",90082,20760,32.84396000000004,-85.18092999999999
"Van Wert, OH",90217,10747,40.86963000000003,-84.58002999999997
"Vermillion, SD",90325,10492,42.78666000000004,-96.92802999999998
"Vernal, UT",90352,17321,40.45572000000004,-109.52883999999995
"Vernon, TX",90379,10572,34.15351000000004,-99.28444999999999
"Versailles, KY",90433,15907,38.05228000000005,-84.73040999999995
"Vicksburg, MS",90487,29022,32.350040000000035,-90.88154999999995
"Victoria, TX",90514,63683,28.805940000000078,-97.00356999999997
"Victorville, CA",90541,328454,34.51167000000004,-117.32363999999995
"Vidalia, GA",90568,13442,32.21728000000007,-82.41244999999998
"Villas, NJ",90658,51291,39.02889000000005,-74.93953999999997
"Vincennes, IN",90703,21302,38.67810000000003,-87.53223999999994
"Vineland, NJ",90730,95259,39.48619000000008,-75.02613999999994
"Vineyard Haven, MA",90757,10082,41.45348000000007,-70.60340999999994
"Virginia, MN",90865,12883,47.52299000000005,-92.53297999999995
"Virginia Beach, VA",90892,1439666,36.755310000000065,-76.05967999999996
"Visalia, CA",90946,219454,36.33377000000007,-119.29258999999996
"Wabash, IN",91000,10418,40.79668000000004,-85.82057999999995
"Waco, TX",91027,172378,31.57182000000006,-97.14949999999999
"Waconia, MN",91054,10748,44.847980000000064,-93.78915999999998
"Wahpeton, ND",91189,11113,46.26393000000007,-96.60470999999995
"Walden, NY",91252,11565,41.56074000000007,-74.19072999999997
"Waldorf, MD",91261,109919,38.62450000000007,-76.90844999999996
"Walla Walla, WA",91405,55805,46.07068000000004,-118.34260999999998
"Wapakoneta, OH",91675,10684,40.567890000000034,-84.19475999999997
"Warner Robins, GA",91783,133109,32.62098000000003,-83.59989999999993
"Warren, PA",91837,15420,41.84403000000003,-79.14348999999999
"Warrensburg, MO",91864,20677,38.77122000000003,-93.74119999999994
"Warsaw, IN",91999,30166,41.23881000000006,-85.85278999999997
"Warwick, NY",92134,12080,41.25848000000008,-74.35824999999994
"Wasco, CA",92161,25489,35.59402000000006,-119.33372999999995
"Washington, DC",92242,4586770,38.890370000000075,-77.03195999999997
"Washington, IN",92296,12462,38.65766000000008,-87.17017999999996
"Washington, MO",92350,14316,38.553780000000074,-91.00091999999995
"Washington, NJ",92377,15385,40.759340000000066,-74.97525999999993
"Washington, NC",92404,16429,35.54532000000006,-77.06047999999998
"Washington Court House, OH",92431,15168,39.53535000000005,-83.44046999999995
"Waterbury, CT",92485,194535,41.55490000000003,-73.04646999999994
"Waterloo, IA",92593,113418,42.49329000000006,-92.34193999999997
"Watertown, NY",92674,57840,43.97586000000007,-75.91427999999996
"Watertown, SD",92701,21111,44.900600000000054,-97.10579999999999
"Watertown, WI",92728,23347,43.19736000000006,-88.72046999999998
"Waterville, ME",92782,25689,44.55279000000007,-69.63134999999994
"Watsonville, CA",92890,73534,36.90903000000003,-121.75551999999999
"Wauchula, FL",92917,14621,27.547340000000077,-81.81296999999995
"Waupun, WI",92998,11373,43.633200000000045,-88.73351999999994
"Wausau, WI",93025,74632,44.95953000000003,-89.63030999999995
"Waycross, GA",93187,25723,31.21135000000004,-82.35844999999995
"Waynesboro, PA",93322,25912,39.75621000000007,-77.57854999999995
"Weatherford, OK",93457,10713,35.526050000000055,-98.70707999999996
"Weatherford, TX",93484,34824,32.759010000000046,-97.80083999999994
"Weirton, WV",93592,70889,40.41871000000003,-80.58947999999998
"Wenatchee, WA",93862,67227,47.41494000000006,-120.30521999999996
"Wendell, NC",93880,13209,35.784470000000056,-78.37066999999996
"West Bend, WI",93916,68444,43.40877000000006,-88.18112999999994
"Westminster, MD",94294,72714,39.574670000000026,-76.99224999999996
"West Plains, MO",94375,11242,36.73112000000003,-91.85306999999995
"West Point, NY",94442,12141,41.395230000000026,-73.95501999999993
"Wheeling, WV",94726,81249,40.06398000000007,-80.72140999999993
"Whitehall, MI",94807,10568,43.409560000000056,-86.34097999999994
"Whitewater, WI",95050,14227,42.835000000000036,-88.73811999999998
"Wichita, KS",95077,472870,37.687490000000025,-97.33557999999994
"Wichita Falls, TX",95104,99437,33.908300000000054,-98.50098999999994
"Williamsburg, VA",95411,75689,37.275690000000054,-76.71028999999999
"Williamsport, PA",95455,56142,41.24094000000008,-77.00140999999996
"Willimantic, CT",95590,29669,41.71096000000006,-72.20528999999993
"Williston, ND",95644,15127,48.14704000000006,-103.62186999999994
"Willmar, MN",95698,20244,45.12064000000004,-95.05446999999998
"Wilmington, NC",95833,219957,34.23497000000003,-77.94599999999997
"Wilmington, OH",95860,12374,39.44713000000007,-83.82843999999994
"Wilson, NC",95914,49190,35.721960000000024,-77.91636999999997
"Winchester, KY",96049,25831,37.99305000000004,-84.17908999999997
"Winchester, TN",96076,11681,35.186690000000056,-86.11189999999993
"Winchester, VA",96103,69449,39.184000000000026,-78.16404999999997
"Winder, GA",96130,37831,33.991250000000036,-83.72243999999995
"Winfield, KS",96319,12029,37.24081000000007,-96.99720999999994
"Winnemucca, NV",96373,10268,40.97327000000007,-117.73518999999999
"Winona, MN",96562,30712,44.05162000000007,-91.63840999999996
"Winston-Salem, NC",96670,391024,36.100010000000054,-80.24115999999998
"Winter Haven, FL",96697,201289,28.022320000000036,-81.73294999999996
"Wisconsin Rapids, WI",96832,29169,44.39319000000006,-89.81636999999995
"Woodburn, OR",96913,32943,45.14236000000005,-122.85907999999995
"Woodland, CA",96994,55513,38.678540000000055,-121.77311999999995
"Woodland Park, CO",97048,10528,38.99423000000007,-105.05448999999999
"Woodstock, IL",97129,25308,42.313780000000065,-88.44836999999995
"Woodward, OK",97237,11344,36.433640000000025,-99.39903999999996
"Wooster, OH",97264,30430,40.80612000000008,-81.93436999999994
"Worcester, MA",97291,486514,42.26341000000008,-71.80218999999994
"Worthington, MN",97345,12616,43.63105000000007,-95.61520999999999
"Yakima, WA",97507,129534,46.60448000000008,-120.50720999999999
"Yankton, SD",97534,14637,42.87226000000004,-97.39702999999997
"Yauco, PR",97561,90899,18.03341000000006,-66.84844999999996
"Yazoo City, MS",97588,15546,32.847840000000076,-90.41516999999999
"Yelm, WA",97642,12387,46.942390000000046,-122.60734999999994
"York, PA",97750,232045,39.964530000000025,-76.72429999999997
"Youngstown, OH",97831,387550,41.098100000000045,-80.65078999999997
"Yuba City, CA",97939,116719,39.14094000000006,-121.61984999999999
"Yucca Valley, CA",97966,23805,34.123380000000054,-116.41435999999999
"Yuma, AZ",98020,135267,32.68549000000007,-114.62460999999996
"Zanesville, OH",98074,42132,39.940540000000055,-82.00138999999996
"Zapata, TX",98101,10719,26.90817000000004,-99.27229999999997
"Zephyrhills, FL",98182,66609,28.23437000000007,-82.18208999999996
